split,filename,issue_type,action_taken,reason
train,00002841_jpg.rf.1ab3d668633a4735e3e7261784481900.jpg,none,KEEP,No issues found
train,00002868_jpg.rf.ff7cd22faa237afb3101a4cf1c40b739.jpg,none,KEEP,No issues found
train,00003812_jpg.rf.90d554976390631cdbc2ca2df9e903d0.jpg,none,KEEP,No issues found
train,00003928_jpg.rf.5ab1fae20b1c7ff1446632e6e5e4d6e9.jpg,none,KEEP,No issues found
train,00003929_jpg.rf.5cae0ab74988415c8b873e6e74ca6a9f.jpg,none,KEEP,No issues found
train,00003930_jpg.rf.e15505c025d45e433b215bef439fafeb.jpg,none,KEEP,No issues found
train,00004388_jpg.rf.148d7435bba1419d8ee1f291441ff7b3.jpg,none,KEEP,No issues found
train,00004515_jpg.rf.053441765bd145dffe80b947db2f2d2f.jpg,none,KEEP,No issues found
train,00004755_jpg.rf.58afbaa40aa5b8b170c74580fdcb2c01.jpg,none,KEEP,No issues found
train,00004756_jpg.rf.017b3ecbed90a497992e0aa55fff58f5.jpg,none,KEEP,No issues found
train,00065518_jpg.rf.9ac28e401d4c2aadf3fc4947caf2ed6f.jpg,none,KEEP,No issues found
train,00065838_jpg.rf.f0eb40a0a0d21e276b95ee587a9c2465.jpg,none,KEEP,No issues found
train,006664_jpg.rf.7fd0e409711f5f4af390358b12574aac.jpg,none,KEEP,No issues found
train,006719_jpg.rf.c10458f121aeff4f3215163ec1ca533d.jpg,none,KEEP,No issues found
train,006784_jpg.rf.42a6a15b65e3788270cc356e20799241.jpg,none,KEEP,No issues found
train,006823_jpg.rf.00c42e3c3b4c8d2cfbbbc134a0cfe8a3.jpg,none,KEEP,No issues found
train,006867_jpg.rf.8bfd5a3700f118f115de06e325e516c5.jpg,none,KEEP,No issues found
train,006880_jpg.rf.f073fef101f57e4a587563deafaa0e06.jpg,none,KEEP,No issues found
train,006989_jpg.rf.ce1ac5830515988d0a2d8f5965e6f721.jpg,none,KEEP,No issues found
train,006999_jpg.rf.d103ed5e4398520ec504b3c4787fe861.jpg,none,KEEP,No issues found
train,007000_jpg.rf.27834ad0491e9f05116797fd1e1087f3.jpg,none,KEEP,No issues found
train,007007_jpg.rf.ffc83677ce748b82c3f43052fcd8f283.jpg,none,KEEP,No issues found
train,007064_jpg.rf.11aff8d149e78b7a6d7a28a50bdbd5aa.jpg,none,KEEP,No issues found
train,128_jpg.rf.703e784d2b527b9901d8a4be7a48ffa4.jpg,none,KEEP,No issues found
train,2021_09_28-22_25_55_639341_jpg.rf.414c68b112928072eb8d09e523663fc2.jpg,none,KEEP,No issues found
train,2021_09_28-22_25_58_040776_jpg.rf.67cdcb08aab9310cb42d69af7f7dc95b.jpg,none,KEEP,No issues found
train,2021_09_28-22_26_01_922690_jpg.rf.1c49403bc01716d9d5d8a1291b13a52d.jpg,none,KEEP,No issues found
train,2021_09_28-22_26_03_243096_jpg.rf.3fd3ccc1ec3de80d26a85399d23c4d02.jpg,none,KEEP,No issues found
train,2021_09_28-22_29_19_317072_jpg.rf.333d96fa4c49b859c7823e0437e766ea.jpg,none,KEEP,No issues found
train,2021_09_28-22_29_20_681084_jpg.rf.ba33d9d3aebf2710070bd89e301d095b.jpg,none,KEEP,No issues found
train,2021_09_28-22_31_08_991115_jpg.rf.f2c0c8e5c1b5136666b05984baccda65.jpg,none,KEEP,No issues found
train,2021_09_28-22_33_30_091529_jpg.rf.eb6350be0e0a68a741614c85f02b5728.jpg,none,KEEP,No issues found
train,2021_09_28-22_36_07_293747_jpg.rf.ef1861d90c2a622ac5023cef4fe8bba8.jpg,none,KEEP,No issues found
train,2021_09_28-22_40_03_028590_jpg.rf.a67ec1e638885dda4a275c9f7e7dc259.jpg,none,KEEP,No issues found
train,2021_09_28-22_46_44_348174_jpg.rf.8642b728a44fde3a783af2c70402817b.jpg,none,KEEP,No issues found
train,2021_09_28-22_49_12_867216_jpg.rf.277d2313c1a7c766c53a9f3484c2c276.jpg,none,KEEP,No issues found
train,2021_09_28-22_49_19_026139_jpg.rf.e01d9f1945894dd2107fdd99224b283a.jpg,none,KEEP,No issues found
train,20230712_141333_jpeg_jpg.rf.8c8cfb2131d5e61a6034748d74bf4244.jpg,none,KEEP,No issues found
train,20230712_141333_jpeg_jpg.rf.ac02a3e833e22a8d1b381ca9b4cce60c.jpg,none,KEEP,No issues found
train,20230712_141333_jpeg_jpg.rf.c6be29164cae850f58411b4b78899fb1.jpg,none,KEEP,No issues found
train,20230712_141333_jpeg_jpg.rf.ed5767bc2d30eff60c4c41aa0f51e7d9.jpg,none,KEEP,No issues found
train,20230712_141336_jpeg_jpg.rf.1a45a8603acc946f3f41586b744bc3e6.jpg,none,KEEP,No issues found
train,20230712_141336_jpeg_jpg.rf.3bd7f74f52f845cc042a86113fa22fab.jpg,none,KEEP,No issues found
train,20230712_141336_jpeg_jpg.rf.5b8b1a5ce9974bfb699a07cba8ec511c.jpg,none,KEEP,No issues found
train,20230712_141336_jpeg_jpg.rf.784d32e1e7214ede415ff186307990f9.jpg,none,KEEP,No issues found
train,20230712_141424_jpeg_jpg.rf.29d706a2a5a82b6120b34461d7f1914c.jpg,none,KEEP,No issues found
train,20230712_141424_jpeg_jpg.rf.73a0d513f8bcd445492de9eef62cbe4e.jpg,none,KEEP,No issues found
train,20230712_141424_jpeg_jpg.rf.7d8a76b68335a01483c41ae618c3033b.jpg,none,KEEP,No issues found
train,20230712_141427_jpeg_jpg.rf.761128fb785e3f0e84f24397ad2d172a.jpg,none,KEEP,No issues found
train,20230712_141427_jpeg_jpg.rf.c0250386531314400bd30a75eef184e3.jpg,none,KEEP,No issues found
train,20230712_141546_jpeg_jpg.rf.009d497c13d53d48c37dced25ab5e828.jpg,none,KEEP,No issues found
train,20230712_141546_jpeg_jpg.rf.2c410cb79521af42dff8a6b43b69d321.jpg,none,KEEP,No issues found
train,20230712_141546_jpeg_jpg.rf.3fcaa506e5bcbf0a01eda383d7265770.jpg,none,KEEP,No issues found
train,20230712_141546_jpeg_jpg.rf.56ab4b4cbe2e22582013ec4fe2e609a2.jpg,none,KEEP,No issues found
train,20230712_141546_jpeg_jpg.rf.95aa22293091ae42ac2483da46d56253.jpg,none,KEEP,No issues found
train,20230712_141546_jpeg_jpg.rf.f0bef092edf77dfedf8af7b43412c85f.jpg,none,KEEP,No issues found
train,20230712_141549_jpeg_jpg.rf.359a350bc755aed241c50d3c469fddc2.jpg,none,KEEP,No issues found
train,20230712_141549_jpeg_jpg.rf.90ea5dcf26a83f3ce10009e530421ae6.jpg,none,KEEP,No issues found
train,20230712_141552_jpeg_jpg.rf.015bfa40d3d292429c7442a12c6a7406.jpg,none,KEEP,No issues found
train,20230712_141552_jpeg_jpg.rf.0af9e50811101c0d64c9e4ea988293d7.jpg,none,KEEP,No issues found
train,20230712_141552_jpeg_jpg.rf.2a71853a0346d2b8ef85c8eaa2fdd23d.jpg,none,KEEP,No issues found
train,20230712_141552_jpeg_jpg.rf.5de768d66b927e8a497d2b4c9be1697b.jpg,none,KEEP,No issues found
train,20230712_141631_jpeg_jpg.rf.51b824a7bcf11aa4e4a31d7836034229.jpg,none,KEEP,No issues found
train,20230712_141631_jpeg_jpg.rf.bf8dbe7f06a769f3a1410a0039c22361.jpg,none,KEEP,No issues found
train,20230712_141631_jpeg_jpg.rf.da91135337efeee52f7de51dc76604b6.jpg,none,KEEP,No issues found
train,20230712_141650_jpeg_jpg.rf.48010f91b4305442d7ef0f812c880759.jpg,none,KEEP,No issues found
train,20230712_141650_jpeg_jpg.rf.8e5dbfda42591802dcebdbc16f087d10.jpg,none,KEEP,No issues found
train,20230712_141652_jpeg_jpg.rf.1d12a41b4622928acf60a42aa12d18c1.jpg,none,KEEP,No issues found
train,20230712_141652_jpeg_jpg.rf.5097f89227a696fbdabc4056728716a7.jpg,none,KEEP,No issues found
train,20230712_141652_jpeg_jpg.rf.5972658776426bc877b973286355430b.jpg,none,KEEP,No issues found
train,20230712_141652_jpeg_jpg.rf.728a4189a920ae0082b4cc594df3b600.jpg,none,KEEP,No issues found
train,20230712_141652_jpeg_jpg.rf.79b9268d1c683880ceb3421b36d8682e.jpg,none,KEEP,No issues found
train,20230712_141654_jpeg_jpg.rf.12924bf47c465060a2abebf5fcc016f9.jpg,none,KEEP,No issues found
train,20230712_141654_jpeg_jpg.rf.34d69be42402189bd9c67051d44b0ca0.jpg,none,KEEP,No issues found
train,20230712_141654_jpeg_jpg.rf.a8a46bc2954acc1321b957ac3c6f93a2.jpg,none,KEEP,No issues found
train,20230712_141654_jpeg_jpg.rf.f50527452e605e3e16adae678b62e472.jpg,none,KEEP,No issues found
train,20230712_141654_jpeg_jpg.rf.fbf6317fa5385e80ccc928b90ab4ff2b.jpg,none,KEEP,No issues found
train,20230712_141841_jpeg_jpg.rf.08f639ae9222dcf5f438ac2fd4b6eaab.jpg,none,KEEP,No issues found
train,20230712_141841_jpeg_jpg.rf.1ea46f06120a235bd97845093dbec7d8.jpg,none,KEEP,No issues found
train,20230712_141841_jpeg_jpg.rf.9937e8173263350794cc104f47defbcb.jpg,none,KEEP,No issues found
train,20230712_141844_jpeg_jpg.rf.52abef527720b2b39adf9d10e5419e2c.jpg,none,KEEP,No issues found
train,20230712_141844_jpeg_jpg.rf.77c9dbb1b6abd3d50663d6e2ec9c040f.jpg,none,KEEP,No issues found
train,20230712_141844_jpeg_jpg.rf.a882543e015dd0e6953129090fcc33bb.jpg,none,KEEP,No issues found
train,20230712_141855_jpeg_jpg.rf.2b4ae88c86410a8196451151397db121.jpg,none,KEEP,No issues found
train,20230712_141855_jpeg_jpg.rf.2dd2dd1cbe9cc9b0c0f624707f74dbe9.jpg,none,KEEP,No issues found
train,20230712_141855_jpeg_jpg.rf.7d3e61f0322fc7256b54cd0a983eb6c9.jpg,none,KEEP,No issues found
train,20230712_141855_jpeg_jpg.rf.7d5b87b5f0a144154420cfc4b4240d56.jpg,none,KEEP,No issues found
train,20230712_142116_jpeg_jpg.rf.7efe60bbec54f0940364879f99302c00.jpg,none,KEEP,No issues found
train,20230712_142116_jpeg_jpg.rf.aaa1256537a47f665e189eea31e7c134.jpg,none,KEEP,No issues found
train,20230712_142249_jpeg_jpg.rf.102b1884fa6e7c0dfd59d639692a1ab0.jpg,none,KEEP,No issues found
train,20230712_142249_jpeg_jpg.rf.43676adb736f4bdff1ce654e93c70512.jpg,none,KEEP,No issues found
train,20230712_142249_jpeg_jpg.rf.52c5ac4160d472805ca070d990baf5ea.jpg,none,KEEP,No issues found
train,20230712_142249_jpeg_jpg.rf.8e9735da81c5260805ee69af10a1e492.jpg,none,KEEP,No issues found
train,20230712_142249_jpeg_jpg.rf.97b34284cde483ec77e0ffe044a2549f.jpg,none,KEEP,No issues found
train,20230712_142249_jpeg_jpg.rf.9be45966c950b852adc194dafe15f5f0.jpg,none,KEEP,No issues found
train,20230712_142249_jpeg_jpg.rf.d4456c8c2daba4ff2af0303412228207.jpg,none,KEEP,No issues found
train,20230712_142252_jpeg_jpg.rf.4419e750e2c60fd6345229a40d9f8ce0.jpg,none,KEEP,No issues found
train,20230712_142252_jpeg_jpg.rf.6ec06b5cea313f6271bc1646326f5b34.jpg,none,KEEP,No issues found
train,20230712_142252_jpeg_jpg.rf.7bf3a873e5b429dd14b4bf59c3e244c2.jpg,none,KEEP,No issues found
train,20230712_142252_jpeg_jpg.rf.94470ab6af814ac139afba4ebc0d831a.jpg,none,KEEP,No issues found
train,20230712_142252_jpeg_jpg.rf.f3789f95489ac4873df3a0a82bf9670d.jpg,none,KEEP,No issues found
train,20230712_142310_jpeg_jpg.rf.83aad956b87ec2bac6cdadef64c4d3e7.jpg,none,KEEP,No issues found
train,20230712_142310_jpeg_jpg.rf.c42dc2a0861e3b35efcfae8070e9c525.jpg,none,KEEP,No issues found
train,20230712_142353_jpeg_jpg.rf.871b76da9c1d92cc440cd0b83012d0bd.jpg,none,KEEP,No issues found
train,20230712_142505_jpeg_jpg.rf.4536819bb44179f51f712373683476f4.jpg,none,KEEP,No issues found
train,20230712_142505_jpeg_jpg.rf.f00ce7e996afaf6bb00e2514e0e53aa1.jpg,none,KEEP,No issues found
train,20230712_143245_jpeg_jpg.rf.a31c24f6cf335398f4074afaa4ec3423.jpg,none,KEEP,No issues found
train,20230712_150004_jpeg_jpg.rf.167d455f3991745a78d4c05c49b22877.jpg,none,KEEP,No issues found
train,20230712_150004_jpeg_jpg.rf.59d9c9cc5d0a88661c0e0f3b46367024.jpg,none,KEEP,No issues found
train,20230712_150004_jpeg_jpg.rf.94de73c24de851b9c288678234457db9.jpg,none,KEEP,No issues found
train,20230712_150004_jpeg_jpg.rf.a037a231d76439233162370df39d0609.jpg,none,KEEP,No issues found
train,20230712_150004_jpeg_jpg.rf.b33a1ff7c97f6c4c49aaa020002b8022.jpg,none,KEEP,No issues found
train,20230712_150004_jpeg_jpg.rf.d85ba112d3c9b88dc8f64e2a649c8a37.jpg,none,KEEP,No issues found
train,20230712_151759_jpeg_jpg.rf.54b78b3aecdfd27363dcf4862dbedc2e.jpg,none,KEEP,No issues found
train,20230712_151759_jpeg_jpg.rf.80f342f02575442dc6faa79378d8d124.jpg,none,KEEP,No issues found
train,20230712_151759_jpeg_jpg.rf.bed0ac60e4f76208b2621b5ec1777e8e.jpg,none,KEEP,No issues found
train,20230712_151759_jpeg_jpg.rf.d0b058371bdada6b8de5b87fd5783581.jpg,none,KEEP,No issues found
train,20230712_151759_jpeg_jpg.rf.f912bbea9b532e6633dcb17c02099e87.jpg,none,KEEP,No issues found
train,20230712_160013_jpeg_jpg.rf.1cf2cfb7fe2c453940643a4a3891874c.jpg,none,KEEP,No issues found
train,20230712_160013_jpeg_jpg.rf.86d0a6e09341240f2f0bd688e0aabe37.jpg,none,KEEP,No issues found
train,20230712_160013_jpeg_jpg.rf.9c3b37079b4ba62293f9d8737e185223.jpg,none,KEEP,No issues found
train,20230712_160013_jpeg_jpg.rf.a1f47d07f24070976bca2084e317ab62.jpg,none,KEEP,No issues found
train,20230712_160013_jpeg_jpg.rf.f7c63ff6aef722c376c9d8d2936e426e.jpg,none,KEEP,No issues found
train,20230712_160016_jpeg_jpg.rf.dd59c07c9110b8d0bbb57e7522ce32a2.jpg,none,KEEP,No issues found
train,20230712_160018_jpeg_jpg.rf.33860c5169be06d43b1ab0603f35dcd5.jpg,none,KEEP,No issues found
train,20230712_160018_jpeg_jpg.rf.606e91d337d2698c37421e3049deacf9.jpg,none,KEEP,No issues found
train,20230712_160018_jpeg_jpg.rf.6a98cddcdcdb0e75fb361bb2a01a418e.jpg,none,KEEP,No issues found
train,20230712_160018_jpeg_jpg.rf.a17239b0d2596cd49e23be69c4bd1863.jpg,none,KEEP,No issues found
train,20230712_160018_jpeg_jpg.rf.c310f2b018bed464db16283450a4f228.jpg,none,KEEP,No issues found
train,20230712_160018_jpeg_jpg.rf.fdc321394df045f4255e4801611cc854.jpg,none,KEEP,No issues found
train,20230712_160021_jpeg_jpg.rf.04f814170030f239869e18197ca6693d.jpg,none,KEEP,No issues found
train,20230712_160021_jpeg_jpg.rf.2a20ebc5081c11fac64971cf7ecbcbc8.jpg,none,KEEP,No issues found
train,20230712_160021_jpeg_jpg.rf.3901468710f3048c2d641b98ff0ef4d8.jpg,none,KEEP,No issues found
train,20230712_160021_jpeg_jpg.rf.592444a9ef7600147b34cb9a02bf9a71.jpg,none,KEEP,No issues found
train,20230712_160021_jpeg_jpg.rf.b1ee71f5a4f7e2a3c6d5ff5bec3c78d9.jpg,none,KEEP,No issues found
train,20230712_160021_jpeg_jpg.rf.e42b87e38816639b525d8425bc3de324.jpg,none,KEEP,No issues found
train,20230712_160746_jpeg_jpg.rf.27ef98df6190eb37f634e50b4700e7da.jpg,none,KEEP,No issues found
train,20230712_160746_jpeg_jpg.rf.67e0a8e9e643fd04a2a31d81eb2f8d91.jpg,none,KEEP,No issues found
train,20230712_160746_jpeg_jpg.rf.67f3df0dc48b08f8f1b7d43c1ba2e6df.jpg,none,KEEP,No issues found
train,20230712_160749_jpeg_jpg.rf.334dcf031bace3887b7d5a15c420ba5d.jpg,none,KEEP,No issues found
train,20230712_160749_jpeg_jpg.rf.4fc19886d63931351976aabf0810f905.jpg,none,KEEP,No issues found
train,20230712_160749_jpeg_jpg.rf.70ec4d3f321c694fec9909af16eee240.jpg,none,KEEP,No issues found
train,20230712_160749_jpeg_jpg.rf.ad32974caca24289d420ac2da421cecd.jpg,none,KEEP,No issues found
train,20230712_160751_jpeg_jpg.rf.1c0194660204388550f90cf1a9567b02.jpg,none,KEEP,No issues found
train,20230712_160853_jpeg_jpg.rf.17dc3ceb270d0f7b589ce5b6f3a7498b.jpg,none,KEEP,No issues found
train,20230712_160853_jpeg_jpg.rf.a881e1917b2ffa8d1ccbfdf8362920c1.jpg,none,KEEP,No issues found
train,20230712_160907_jpeg_jpg.rf.6187c0028b2d989b508db7c7bd34489d.jpg,none,KEEP,No issues found
train,20230712_160907_jpeg_jpg.rf.e71f1811d63f986cb99cd4fdbc00718a.jpg,none,KEEP,No issues found
train,20230712_163545_jpeg_jpg.rf.45ed05905040787a8ae06119d83ac59a.jpg,none,KEEP,No issues found
train,20230712_163545_jpeg_jpg.rf.4d51a804eb8c6a7417cd402642d210d4.jpg,none,KEEP,No issues found
train,20230712_163545_jpeg_jpg.rf.9c3a50be73a674c13a762d55617bbc8e.jpg,none,KEEP,No issues found
train,20230712_163545_jpeg_jpg.rf.c36431aa6820e9849643543d09e92d35.jpg,none,KEEP,No issues found
train,20230712_163545_jpeg_jpg.rf.f3ccc7a53be3125395855d77c0d18737.jpg,none,KEEP,No issues found
train,20230712_163620_jpeg_jpg.rf.01d48329d08c86280e840eb06fb32a5a.jpg,none,KEEP,No issues found
train,20230712_163620_jpeg_jpg.rf.2ed46bd9534cd0b2228fff1ee46ca554.jpg,none,KEEP,No issues found
train,20230712_163620_jpeg_jpg.rf.7c4a90989f3863e36ee76d6579647a53.jpg,none,KEEP,No issues found
train,20230712_163815_jpeg_jpg.rf.0c07260fa15506d606daa546cc07756c.jpg,none,KEEP,No issues found
train,20230712_163815_jpeg_jpg.rf.3832fc73e9e79e6bfff3055f0ee82104.jpg,none,KEEP,No issues found
train,20230712_163815_jpeg_jpg.rf.40cd144e8029f80cd688ef6e4353c3ab.jpg,none,KEEP,No issues found
train,20230712_163815_jpeg_jpg.rf.751524f93609410e5f6301f32c59b71a.jpg,none,KEEP,No issues found
train,20230712_163815_jpeg_jpg.rf.79d6ae7f4c7738270bcc6ac2738b2fa3.jpg,none,KEEP,No issues found
train,20230712_163815_jpeg_jpg.rf.bfe1a77aabf1f6ab3be071229f852f24.jpg,none,KEEP,No issues found
train,20230712_163815_jpeg_jpg.rf.c79d805b79fe2f420d0fd577ec17edeb.jpg,none,KEEP,No issues found
train,20230712_163817_jpeg_jpg.rf.5466c3fd207cdbe6e6e4b87f0f001b13.jpg,none,KEEP,No issues found
train,20230718_101426_jpeg_jpg.rf.99969afd04766477c9916831a47f25b7.jpg,none,KEEP,No issues found
train,20230718_101426_jpeg_jpg.rf.ae135f55f796a863e260a161fc8132f1.jpg,none,KEEP,No issues found
train,20230718_101426_jpeg_jpg.rf.c5afa8544b9ded79236d3365ae08e889.jpg,none,KEEP,No issues found
train,20230718_101429_jpeg_jpg.rf.052b15acc85ab7f4c6a5000114723c6b.jpg,none,KEEP,No issues found
train,20230718_101429_jpeg_jpg.rf.b722c44d1990e7d09804052f113a1f68.jpg,none,KEEP,No issues found
train,20230718_101429_jpeg_jpg.rf.c5a5970e61a758afd1c0ca63a257b0eb.jpg,none,KEEP,No issues found
train,20230718_101432_jpeg_jpg.rf.24ab984f9b98f9df2c52d51075a0129b.jpg,none,KEEP,No issues found
train,20230718_101432_jpeg_jpg.rf.4c74a967e678b87061600e780e52edfe.jpg,none,KEEP,No issues found
train,20230718_101432_jpeg_jpg.rf.5409845dfb93928dc28a5d8d314cb55c.jpg,none,KEEP,No issues found
train,20230718_101443_jpeg_jpg.rf.8ae9d7a84f8f751faad2324761a4b030.jpg,none,KEEP,No issues found
train,20230718_101443_jpeg_jpg.rf.dc2423d8daf1c794d66686d15bf25af4.jpg,none,KEEP,No issues found
train,20230718_101443_jpeg_jpg.rf.e593922224d82dffdddd3ed0e8dd7c49.jpg,none,KEEP,No issues found
train,20230718_101954_jpeg_jpg.rf.03b9b13905c2e08d49efccb8ff387a7c.jpg,none,KEEP,No issues found
train,20230718_101954_jpeg_jpg.rf.9a4fdcbab7acd61c7118a866fd40716b.jpg,none,KEEP,No issues found
train,20230718_101954_jpeg_jpg.rf.c2fac384044f421923e1b81a83aafab1.jpg,none,KEEP,No issues found
train,20230718_113519_jpeg_jpg.rf.8b8a6a3e4ab7c5f1d3a89c386e53cd41.jpg,none,KEEP,No issues found
train,20230718_113519_jpeg_jpg.rf.e1a3ce343c493cebb77c85741419445a.jpg,none,KEEP,No issues found
train,20230718_114333_jpeg_jpg.rf.08f155b359ccc4de935bb96a97176994.jpg,none,KEEP,No issues found
train,20230718_114333_jpeg_jpg.rf.45b7d59fa6048bd9f3a6d9d3ca41d3d3.jpg,none,KEEP,No issues found
train,20230718_114333_jpeg_jpg.rf.76c5677463e6b39b27d819310cae0eba.jpg,none,KEEP,No issues found
train,20230718_114333_jpeg_jpg.rf.b26678ff61b993ce337796462d5d21ad.jpg,none,KEEP,No issues found
train,20230718_114333_jpeg_jpg.rf.c9d060a0ad22ccc42d5f9b619c85b101.jpg,none,KEEP,No issues found
train,20230718_114333_jpeg_jpg.rf.f83ed728a0976d5a677b9a12cd11c48f.jpg,none,KEEP,No issues found
train,20230718_115931_jpeg_jpg.rf.001ee67c7eab8e3b24f91c67ff44f671.jpg,none,KEEP,No issues found
train,20230718_115931_jpeg_jpg.rf.93b535dc8a0501e351f2ba472f8f0ac2.jpg,none,KEEP,No issues found
train,20230718_115931_jpeg_jpg.rf.a9b83b3026206678171a3cec7e344505.jpg,none,KEEP,No issues found
train,20230718_115931_jpeg_jpg.rf.c5dcebcf7c58bc6188dcd9afd2d63399.jpg,none,KEEP,No issues found
train,20230718_115935_jpeg_jpg.rf.08ab71aad3ba76a98e5f5f4b57a53a5a.jpg,none,KEEP,No issues found
train,20230718_115935_jpeg_jpg.rf.49988c7237ebfd139b23e2114b4afc56.jpg,none,KEEP,No issues found
train,20230718_115935_jpeg_jpg.rf.80be74f0043531377a19eac4482b0ec3.jpg,none,KEEP,No issues found
train,20230718_124319_jpeg_jpg.rf.2719748c6c89dedd9aed46ff43571b38.jpg,none,KEEP,No issues found
train,20230718_124319_jpeg_jpg.rf.52cae150916073297c7d76659609c5c5.jpg,none,KEEP,No issues found
train,20230718_124345_jpeg_jpg.rf.562fa3a4fa046f7f3ee4eab26af568f0.jpg,none,KEEP,No issues found
train,20230718_124345_jpeg_jpg.rf.8d5687ed6bf758be3c5bb4011cddc26f.jpg,none,KEEP,No issues found
train,20230718_124345_jpeg_jpg.rf.a245616c7bf5be1a2b7484d4b9bf91ab.jpg,none,KEEP,No issues found
train,20230719_100206_jpeg_jpg.rf.36cef5d16ea7561862a3a87bf88bb8bb.jpg,none,KEEP,No issues found
train,20230719_100206_jpeg_jpg.rf.c4d18437cc862d2f5aded07a8995f62f.jpg,none,KEEP,No issues found
train,20230719_100206_jpeg_jpg.rf.ca4d5f2d60a0d6869f88da47be91596b.jpg,none,KEEP,No issues found
train,20230719_100213_jpeg_jpg.rf.c079e8f8eb04caf078a1cf6994770fde.jpg,none,KEEP,No issues found
train,20230719_100213_jpeg_jpg.rf.e1ef0a2467142ed7d1a10cd16bef6b56.jpg,none,KEEP,No issues found
train,20230719_100220_jpeg_jpg.rf.13607de3090500d9ae278256255c0b10.jpg,none,KEEP,No issues found
train,20230719_100220_jpeg_jpg.rf.1c9db8ef2623752aa95aa6c344d4b951.jpg,none,KEEP,No issues found
train,20230719_100220_jpeg_jpg.rf.82371ecff6748689ab2e3ca691859a4c.jpg,none,KEEP,No issues found
train,20230719_100220_jpeg_jpg.rf.caa483f28c8218af9c7ec1231d0afe93.jpg,none,KEEP,No issues found
train,20230719_100232_jpeg_jpg.rf.59e900b697ed56f5d982ea31e37d9dba.jpg,none,KEEP,No issues found
train,20230719_100232_jpeg_jpg.rf.5b0ede391c10c3aed21d20d777a54160.jpg,none,KEEP,No issues found
train,20230719_100232_jpeg_jpg.rf.a6420b081be85269343135ce3223eb9a.jpg,none,KEEP,No issues found
train,20230719_100240_jpeg_jpg.rf.8d4ff3ef29c13f0d71580de171da534a.jpg,none,KEEP,No issues found
train,20230719_100240_jpeg_jpg.rf.e413c3f6213cdde09541ea688fb05029.jpg,none,KEEP,No issues found
train,20230719_100704_jpeg_jpg.rf.2d12c12fb5d9612c965b17b864c9b4ba.jpg,none,KEEP,No issues found
train,20230719_100704_jpeg_jpg.rf.3465249a258f9cb22d245cb0a38180be.jpg,none,KEEP,No issues found
train,20230719_100704_jpeg_jpg.rf.b52b858a22a18354b9e792a21e0390b8.jpg,none,KEEP,No issues found
train,20230719_101243_jpeg_jpg.rf.a8dea253ad2e1f40ee55e30b07263881.jpg,none,KEEP,No issues found
train,20230719_101243_jpeg_jpg.rf.ca5de11686f6a76ba4da3a700297061b.jpg,none,KEEP,No issues found
train,20230719_101243_jpeg_jpg.rf.d6bb4faa4cee3e46825ef326cafd8873.jpg,none,KEEP,No issues found
train,20230719_101715_jpeg_jpg.rf.547e7005944bb0ab5b2b5be9d144f43e.jpg,none,KEEP,No issues found
train,20230719_101715_jpeg_jpg.rf.5688b72f2a47c6226785ea6ca17218a3.jpg,none,KEEP,No issues found
train,20230719_101715_jpeg_jpg.rf.890ce6616dbb4ed2e28217b609632b70.jpg,none,KEEP,No issues found
train,20230719_101720_jpeg_jpg.rf.2ff3517e8755beddf7d82ef2486877f1.jpg,none,KEEP,No issues found
train,20230719_101720_jpeg_jpg.rf.685498de75f3d9b0ed1bed36b8c4b4b1.jpg,none,KEEP,No issues found
train,20230719_101720_jpeg_jpg.rf.73131a5379e7b5cc71feb12d69d77480.jpg,none,KEEP,No issues found
train,20230719_101720_jpeg_jpg.rf.dea3312fdbddb7ede0606f474f51520c.jpg,none,KEEP,No issues found
train,20230719_103719_jpeg_jpg.rf.10986115d1619876c004cec5b5bdf3e2.jpg,none,KEEP,No issues found
train,20230719_103719_jpeg_jpg.rf.13377b369949d3aa5c8b9e1b4d33e126.jpg,none,KEEP,No issues found
train,20230719_103719_jpeg_jpg.rf.4bd63395dedfd1d758bd0bb8620ff076.jpg,none,KEEP,No issues found
train,20230719_103719_jpeg_jpg.rf.b62f7e5adbb8427de9e507fbe8aff615.jpg,none,KEEP,No issues found
train,20230719_103719_jpeg_jpg.rf.c0ac47665dac569c027eb25cf293a89a.jpg,none,KEEP,No issues found
train,20230719_103840_jpeg_jpg.rf.25cf0df046c49db41eab1943d8cbf181.jpg,none,KEEP,No issues found
train,20230719_103840_jpeg_jpg.rf.4513a13cf7e656bd640c927960ea26bd.jpg,none,KEEP,No issues found
train,20230719_103840_jpeg_jpg.rf.4fffec905602fa3b47a3a619bd3532f7.jpg,none,KEEP,No issues found
train,20230719_103840_jpeg_jpg.rf.c0c0ea53155f24d80511cd6a45e0fc2f.jpg,none,KEEP,No issues found
train,20230719_103840_jpeg_jpg.rf.d1b2194c174523b361b4c817f7a5d745.jpg,none,KEEP,No issues found
train,20230719_103840_jpeg_jpg.rf.d3de34a1302a6e49316bbb3d04a21afd.jpg,none,KEEP,No issues found
train,20230719_103840_jpeg_jpg.rf.d84b4524dffcf970d0a52fc84a3413cc.jpg,none,KEEP,No issues found
train,20230719_103840_jpeg_jpg.rf.dfd360d945400c9ad3977975b334a2e8.jpg,none,KEEP,No issues found
train,20230719_103840_jpeg_jpg.rf.ffaac2f6b5a149c113557f61753825be.jpg,none,KEEP,No issues found
train,20230719_104130_jpeg_jpg.rf.758fd59d41ebfb6f04aeceecaeedd5a2.jpg,none,KEEP,No issues found
train,20230719_104130_jpeg_jpg.rf.ffe67455d5344d4241c532e55b54b6c7.jpg,none,KEEP,No issues found
train,20230719_104131_jpeg_jpg.rf.6d4f1279ea5b8b3fa07e76e7bdfbdb2b.jpg,none,KEEP,No issues found
train,20230719_104131_jpeg_jpg.rf.93718ddb2ae4f8c585c572aa5c79099d.jpg,none,KEEP,No issues found
train,20230719_104131_jpeg_jpg.rf.d49dbac687a42d4f98aac6fbc490edff.jpg,none,KEEP,No issues found
train,20230719_105832_jpeg_jpg.rf.1f921f53e2b943dfbca1d51f00d60719.jpg,none,KEEP,No issues found
train,20230719_105832_jpeg_jpg.rf.6d2aedf835a8a262dbb50945e0c7b867.jpg,none,KEEP,No issues found
train,20230719_105832_jpeg_jpg.rf.e558bfacbfe0388836a29a7b1545cbe3.jpg,none,KEEP,No issues found
train,20230719_110135_jpeg_jpg.rf.3cbb84a44501bde4a34f741460013afd.jpg,none,KEEP,No issues found
train,20230719_110135_jpeg_jpg.rf.6b4e4df1551b4aa78b9ac769ba2d95fb.jpg,none,KEEP,No issues found
train,20230719_110135_jpeg_jpg.rf.7df53e2f9769be292c285e96ba8ffdfc.jpg,none,KEEP,No issues found
train,20230719_110135_jpeg_jpg.rf.a64730aa9bc1dbab1f5a83ce84b3adb8.jpg,none,KEEP,No issues found
train,20230719_110621_jpeg_jpg.rf.1898268ae2bda972172aef4214c08015.jpg,none,KEEP,No issues found
train,20230719_110621_jpeg_jpg.rf.51a844e8b5e32596d37e4c6caf178908.jpg,none,KEEP,No issues found
train,20230719_110621_jpeg_jpg.rf.88c4ba72d53d1839800d15867cc59111.jpg,none,KEEP,No issues found
train,20230719_110621_jpeg_jpg.rf.92bcdd27d2fa2821305d952c9d421f4c.jpg,none,KEEP,No issues found
train,20230719_110621_jpeg_jpg.rf.a8dcf0220612a3465da91ca826b0b82a.jpg,none,KEEP,No issues found
train,20230719_110621_jpeg_jpg.rf.da1c82bfdacc1cf688db67e982943ec7.jpg,none,KEEP,No issues found
train,20230719_110621_jpeg_jpg.rf.e5baae161abb72735e92f9a8fd56be9e.jpg,none,KEEP,No issues found
train,20230719_111446_jpeg_jpg.rf.09834b31c9ffad08e8f121993d1cbe84.jpg,none,KEEP,No issues found
train,20230719_111446_jpeg_jpg.rf.409383d35a6e80550db26bf57adbcc11.jpg,none,KEEP,No issues found
train,20230719_111446_jpeg_jpg.rf.67871f43edfe2903a40d73dd27af5014.jpg,none,KEEP,No issues found
train,20230719_111446_jpeg_jpg.rf.7bf172703e2f4e9d82a2b86986c434da.jpg,none,KEEP,No issues found
train,20230719_111446_jpeg_jpg.rf.7d42ee7b59765f9fff4dde50672d79a4.jpg,none,KEEP,No issues found
train,20230719_111446_jpeg_jpg.rf.cfb451055749f76fcc69a9fab6b7f41c.jpg,none,KEEP,No issues found
train,20230719_111446_jpeg_jpg.rf.d283b9217838911551ced4b1a270d396.jpg,none,KEEP,No issues found
train,20230719_111738_jpeg_jpg.rf.32cae9108946c689b05cf3465823bcd1.jpg,none,KEEP,No issues found
train,20230719_111738_jpeg_jpg.rf.4a00c1bdcf5a33a70db1172b2b0bd626.jpg,none,KEEP,No issues found
train,20230719_111738_jpeg_jpg.rf.9191f40d3ab89f40cb905f89f3406505.jpg,none,KEEP,No issues found
train,20230719_111821_jpeg_jpg.rf.494c8d5a0806203e5fdca722fb1f0d5f.jpg,none,KEEP,No issues found
train,20230719_111821_jpeg_jpg.rf.f2314195f48425abf5784597c0999bf9.jpg,none,KEEP,No issues found
train,20230719_111855_jpeg_jpg.rf.10bfda7fd523650a6706bdbead0c8852.jpg,none,KEEP,No issues found
train,20230719_111855_jpeg_jpg.rf.293f53d6b97f966dfec77ddfeec39ed9.jpg,none,KEEP,No issues found
train,20230719_111855_jpeg_jpg.rf.983acc2036591b44771b467b0f529cd1.jpg,none,KEEP,No issues found
train,20230719_121553_jpeg_jpg.rf.090a3415dd7d9b0ed6642486f8420465.jpg,none,KEEP,No issues found
train,20230719_121553_jpeg_jpg.rf.13e23c29ccfd56a9a2825b331ca7c552.jpg,none,KEEP,No issues found
train,20230719_121553_jpeg_jpg.rf.cac715ad1a8bf3b4be9ea80bf86f66f2.jpg,none,KEEP,No issues found
train,20230719_121553_jpeg_jpg.rf.e919ef3f401308cbb80d87736075d47c.jpg,none,KEEP,No issues found
train,20230719_121602_jpeg_jpg.rf.3dee8ad897702103549e68356cacd381.jpg,none,KEEP,No issues found
train,20230719_121602_jpeg_jpg.rf.70b1b0b7d2f86b20a93ef6dc639323fe.jpg,none,KEEP,No issues found
train,20230719_121602_jpeg_jpg.rf.a603f8a4912b7bee10df85907412bfd1.jpg,none,KEEP,No issues found
train,20230719_121610_jpeg_jpg.rf.72645755cec7550c9a726269b64325a1.jpg,none,KEEP,No issues found
train,20230719_121610_jpeg_jpg.rf.c99ef5d55db7b226c6a213650e42f23f.jpg,none,KEEP,No issues found
train,20230719_121612_jpeg_jpg.rf.38838b18140e66b5e9909722f34ea8c4.jpg,none,KEEP,No issues found
train,20230719_121612_jpeg_jpg.rf.b8eac9b2a8d73f16db33f39c6f4dad5a.jpg,none,KEEP,No issues found
train,20230719_121621_jpeg_jpg.rf.146a27505a26b427877e4dd45eda861c.jpg,none,KEEP,No issues found
train,20230719_121621_jpeg_jpg.rf.61957e9ff9f0f7aeea5f5d14dc47ebf2.jpg,none,KEEP,No issues found
train,20230719_121621_jpeg_jpg.rf.6b33cb0aefde21affdf061406bb684b9.jpg,none,KEEP,No issues found
train,20230719_121659_jpeg_jpg.rf.15ab1fda4258002052cf41665ac580ef.jpg,none,KEEP,No issues found
train,20230719_121659_jpeg_jpg.rf.1a495b2c0b1867abd84cc9155eef4287.jpg,none,KEEP,No issues found
train,20230719_121659_jpeg_jpg.rf.9a8598bdf831278389e6eb15c1ab2479.jpg,none,KEEP,No issues found
train,20230719_121659_jpeg_jpg.rf.e89fb621b181b77c320a774d4bbc8f2a.jpg,none,KEEP,No issues found
train,20230719_121704_jpeg_jpg.rf.29c16c995172cd45ee76e6a7419bb82a.jpg,none,KEEP,No issues found
train,20230719_121704_jpeg_jpg.rf.3efa85d026b4ce45518cd11fd49d3412.jpg,none,KEEP,No issues found
train,20230719_121704_jpeg_jpg.rf.9f02d85a56bd878e221144fda8553052.jpg,none,KEEP,No issues found
train,20230719_121704_jpeg_jpg.rf.d26a182dc5afb9d365a32656747cdc21.jpg,none,KEEP,No issues found
train,20230719_121704_jpeg_jpg.rf.db6ced9520730638d8511bdd16a0a82c.jpg,none,KEEP,No issues found
train,20230719_122926_jpeg_jpg.rf.0a5cb82efcfd4148056218002d2334a7.jpg,none,KEEP,No issues found
train,20230719_122926_jpeg_jpg.rf.6b08ace58b377d3e1c3276000d23c6dc.jpg,none,KEEP,No issues found
train,20230719_122928_jpeg_jpg.rf.3df1ee7b3245d6fa0d82cebc1f5154c8.jpg,none,KEEP,No issues found
train,20230719_122928_jpeg_jpg.rf.5c0091ae55a454e468c310c8649fc1dd.jpg,none,KEEP,No issues found
train,20230719_122928_jpeg_jpg.rf.75672a61f5731e73ee617416d2320fd8.jpg,none,KEEP,No issues found
train,20230719_122928_jpeg_jpg.rf.8c6bdfd995cebc4d3ae1379a6217f313.jpg,none,KEEP,No issues found
train,20230719_122928_jpeg_jpg.rf.ddaf211eef089866b4454fd3e396a177.jpg,none,KEEP,No issues found
train,20230719_123151_jpeg_jpg.rf.1173ce699cea4abe47e1f3a713096f3c.jpg,none,KEEP,No issues found
train,20230719_123151_jpeg_jpg.rf.2cbe047f17bd0c2eb825cc56ace21ff2.jpg,none,KEEP,No issues found
train,20230719_123151_jpeg_jpg.rf.c9c92f241f5c1e66bf386c410ffd2b73.jpg,none,KEEP,No issues found
train,20230719_123151_jpeg_jpg.rf.f670c90ee390351181ca0d6bc07cd62b.jpg,none,KEEP,No issues found
train,20230719_123642_jpeg_jpg.rf.052d100b5108d6de2092be28047d25bf.jpg,none,KEEP,No issues found
train,20230719_123833_jpeg_jpg.rf.398c685adeede612f99c085960e5750c.jpg,none,KEEP,No issues found
train,20230719_123833_jpeg_jpg.rf.3c4f7578c76e665c0ce4da25c7fe937b.jpg,none,KEEP,No issues found
train,20230719_123833_jpeg_jpg.rf.f87defeebdf5083ebeb2f4795759a929.jpg,none,KEEP,No issues found
train,20230719_140834_jpeg_jpg.rf.2831d69896ddf93aac450dc1c5e25455.jpg,none,KEEP,No issues found
train,20230719_140834_jpeg_jpg.rf.31b09fb2869aaa07b285e2e374bae1ca.jpg,none,KEEP,No issues found
train,20230719_140834_jpeg_jpg.rf.3543aeefff3f8515ccc3d8bbd44bbd2c.jpg,none,KEEP,No issues found
train,20230719_140834_jpeg_jpg.rf.8a7de08e702fd55afa2646f3721f623e.jpg,none,KEEP,No issues found
train,20230719_140834_jpeg_jpg.rf.995dd4206cf3dc8e1fddde5eed7d5de2.jpg,none,KEEP,No issues found
train,20230719_140834_jpeg_jpg.rf.d77ea4f1f267506fd0f266ba5ca0b46c.jpg,none,KEEP,No issues found
train,20230719_140839_jpeg_jpg.rf.605f2b8ae6c5167760f62a088bf87895.jpg,none,KEEP,No issues found
train,20230719_140839_jpeg_jpg.rf.67936d84dbd14b95ac621006bd7b6223.jpg,none,KEEP,No issues found
train,20230719_140839_jpeg_jpg.rf.78b6cac2d1cf2d57179a492589171768.jpg,none,KEEP,No issues found
train,20230719_140839_jpeg_jpg.rf.b8a02a2ab20f80d3e1b00b2bfffd842f.jpg,none,KEEP,No issues found
train,20230719_141054_jpeg_jpg.rf.44926a3199997239a8f6dde3191006a4.jpg,none,KEEP,No issues found
train,20230719_141054_jpeg_jpg.rf.88fb0ca573162d1bc4e018a90a22f4bf.jpg,none,KEEP,No issues found
train,20230719_141054_jpeg_jpg.rf.aa742e880b94254e412a6e4e8715134a.jpg,none,KEEP,No issues found
train,20230719_141054_jpeg_jpg.rf.c6e44903302e436f8fe6fc4cf8fd4156.jpg,none,KEEP,No issues found
train,20230719_144733_jpeg_jpg.rf.0b39c8504d625196c718b2e72822fbf9.jpg,none,KEEP,No issues found
train,20230719_144733_jpeg_jpg.rf.a7d6a883f7fc24ea134ea9029d59ade4.jpg,none,KEEP,No issues found
train,20230719_144733_jpeg_jpg.rf.dd0765006840073d50ae0d12d1f949b3.jpg,none,KEEP,No issues found
train,20230719_150010_jpeg_jpg.rf.b798f7941a61b583a96b142076704625.jpg,none,KEEP,No issues found
train,20230719_152652_jpeg_jpg.rf.157b83f092e219699587264bf2e4e0f7.jpg,none,KEEP,No issues found
train,20230719_152652_jpeg_jpg.rf.528152d3baae70b4917afba2c54b635a.jpg,none,KEEP,No issues found
train,20230719_152652_jpeg_jpg.rf.9c209634ce0c7e465f21081943a48dd6.jpg,none,KEEP,No issues found
train,20230719_152652_jpeg_jpg.rf.b323c7f6e7dd6eb93bc6c535163cfdef.jpg,none,KEEP,No issues found
train,20230719_152652_jpeg_jpg.rf.cff572002fef9167ab1013398ee87480.jpg,none,KEEP,No issues found
train,20230719_152654_jpeg_jpg.rf.484c97b788bbbbe18783d56a2cdb849c.jpg,none,KEEP,No issues found
train,20230719_152654_jpeg_jpg.rf.6377818260c2d5704d9494a6aed1e62e.jpg,none,KEEP,No issues found
train,20230719_152654_jpeg_jpg.rf.a226c56abfbb497e63cf2cddcc78f21f.jpg,none,KEEP,No issues found
train,20230719_152654_jpeg_jpg.rf.d150a340420c76f891d4942135be5180.jpg,none,KEEP,No issues found
train,288_jpg.rf.ea8cc8e0a58fcfc45a13454a863eff46.jpg,none,KEEP,No issues found
train,890_PNG_jpg.rf.93367a5e78764eaf9bfa3f743a618bb6.jpg,none,KEEP,No issues found
train,a00011_jpg.rf.f1bf50db13d45e24300a4232de969d45.jpg,none,KEEP,No issues found
train,a00053_jpg.rf.df7f593dd6781acebe5e7e554c49b58c.jpg,none,KEEP,No issues found
train,a00069_jpg.rf.7d50d4fcaa8461b4a726070f587a4beb.jpg,none,KEEP,No issues found
train,a00081_jpg.rf.684d07948b5027236433dc3b2d90cca0.jpg,none,KEEP,No issues found
train,a00088_jpg.rf.287bb74d0de510049d64e77e543d1334.jpg,none,KEEP,No issues found
train,a00092_jpg.rf.9eef659939e6e943ddba6b39600c3eaa.jpg,none,KEEP,No issues found
train,a00093_jpg.rf.83b6dac98c5005ae4acc1ce202318a05.jpg,none,KEEP,No issues found
train,a00094_jpg.rf.010bd9c142bc66ab3c01237fb2b37436.jpg,none,KEEP,No issues found
train,a00095_jpg.rf.9dfb1d17b06518248e0a31b23b829330.jpg,none,KEEP,No issues found
train,augmented_00002868_jpg.rf.1f12368d67f396019e9f97ddf16cfc73.jpg,none,KEEP,No issues found
train,augmented_00003928_jpg.rf.454b662fde4e687b2f8acddd982be3b0.jpg,none,KEEP,No issues found
train,augmented_00003929_jpg.rf.cee4489edbc9c6399db228d006fa7698.jpg,none,KEEP,No issues found
train,augmented_00003937_jpg.rf.7b028826d7612d595f1509ccf47328d8.jpg,none,KEEP,No issues found
train,augmented_00004261_jpg.rf.a8f7caa69a3c95cbbb90d44e2ac89fae.jpg,none,KEEP,No issues found
train,augmented_00004755_jpg.rf.3d815e6d223eaae1bb576238c2a29a33.jpg,none,KEEP,No issues found
train,augmented_00065510_jpg.rf.f5a8bc8144df6926b6956a7a520b075f.jpg,none,KEEP,No issues found
train,augmented_00065518_jpg.rf.30037f5adf92cbd8a4b35be6ad29579c.jpg,none,KEEP,No issues found
train,augmented_00065838_jpg.rf.2226980328a5698fda51f4ce27a9630d.jpg,none,KEEP,No issues found
train,augmented_006671_jpg.rf.60dfaee66f20d2d6231141dc6f5b9336.jpg,none,KEEP,No issues found
train,augmented_006679_jpg.rf.79b87818d85a9c9bdcdc9169162397a7.jpg,none,KEEP,No issues found
train,augmented_006719_jpg.rf.1218227a4d47142e87c94191b2b8e0a7.jpg,none,KEEP,No issues found
train,augmented_006863_jpg.rf.5862bfbe7841312f773665fb87a72cf5.jpg,none,KEEP,No issues found
train,augmented_006867_jpg.rf.b4ad61fc4dc41a075490cb92c6436071.jpg,none,KEEP,No issues found
train,augmented_006874_jpg.rf.245f9d63ff885b86b43af3d6e4b38864.jpg,none,KEEP,No issues found
train,augmented_006875_jpg.rf.4902d306aa86f631fd75c66f15e6a9f3.jpg,none,KEEP,No issues found
train,augmented_006877_jpg.rf.6c68fd9ae50c2d63745e0e49e3d80ea9.jpg,none,KEEP,No issues found
train,augmented_006880_jpg.rf.48e2a5cd9df4b87115d1fb37795bd690.jpg,none,KEEP,No issues found
train,augmented_006898_jpg.rf.4b9b5ca23a377eb15341119885d188c3.jpg,none,KEEP,No issues found
train,augmented_006989_jpg.rf.d98040a9a247cb4ad4d0494e159812b4.jpg,none,KEEP,No issues found
train,augmented_128_jpg.rf.0bdf377a4947e5ba462c5051752b9d2f.jpg,none,KEEP,No issues found
train,augmented_1318_jpg.rf.1f648b8a6d441da9ab74d4b1ade01b57.jpg,none,KEEP,No issues found
train,augmented_1667074431280_jpg.rf.2e5494ad39c51356a9f92b08c4ddf8e6.jpg,none,KEEP,No issues found
train,augmented_2021_09_28-22_25_55_639341_jpg.rf.3fe658a54dea765530ebe7bbfdf32410.jpg,none,KEEP,No issues found
train,augmented_2021_09_28-22_26_01_922690_jpg.rf.0b1c85e0d94f10bbf24a9ff9fb8d4dfb.jpg,none,KEEP,No issues found
train,augmented_2021_09_28-22_26_03_243096_jpg.rf.3e961937901c71497d6533234f221ed3.jpg,none,KEEP,No issues found
train,augmented_2021_09_28-22_31_04_525581_jpg.rf.0be2829dd1f6ec0f0f673034fa54e236.jpg,none,KEEP,No issues found
train,augmented_2021_09_28-22_33_30_091529_jpg.rf.c14d1ec0fa3fb80d2bdec237b59af648.jpg,none,KEEP,No issues found
train,augmented_2021_09_28-22_36_07_293747_jpg.rf.025ad1d9228e6f5de00d6e3a67380ce0.jpg,none,KEEP,No issues found
train,augmented_2021_09_28-22_40_03_028590_jpg.rf.dcc30f68b6b35912f379617cb2de1b7b.jpg,none,KEEP,No issues found
train,augmented_2021_09_28-22_49_12_867216_jpg.rf.d385477ebe532032a4260c339c3b34ef.jpg,none,KEEP,No issues found
train,augmented_2021_09_28-23_10_55_663031_jpg.rf.1c7e2e5353236c47095f4262792532ef.jpg,none,KEEP,No issues found
train,augmented_416_jpg.rf.4c3ff84d916711e2fb77b7d1f9d9600a.jpg,none,KEEP,No issues found
train,augmented_418_jpg.rf.a7d004772b9690dc1fa731703c7a6d51.jpg,none,KEEP,No issues found
train,augmented_890_PNG_jpg.rf.4d024f4cf08de26dd91e21421dce0197.jpg,none,KEEP,No issues found
train,augmented_a00069_jpg.rf.9f4788ff1231e6a1a6d9fecd00fe58fd.jpg,none,KEEP,No issues found
train,augmented_a00081_jpg.rf.64c4bbbe61fdc19060205416bb8e1f96.jpg,none,KEEP,No issues found
train,augmented_a00088_jpg.rf.fb66b8ad622fc2e9c1cae4ed32974658.jpg,none,KEEP,No issues found
train,augmented_a00090_jpg.rf.9a8ea53284e164589b2f714a1850cb61.jpg,none,KEEP,No issues found
train,augmented_a00093_jpg.rf.988d982e475f1d8be8b2c8ad09989e37.jpg,none,KEEP,No issues found
train,augmented_a00094_jpg.rf.04b15f88e78ed0be4ba92ef522107dbc.jpg,none,KEEP,No issues found
train,augmented_a00095_jpg.rf.d84fde1f2992b0625c6f9f450b731b3f.jpg,none,KEEP,No issues found
train,augmented_IMG20230906165844_jpg.rf.de6cbe10025892a3404a9f701a8d9bda.jpg,none,KEEP,No issues found
train,augmented_IMG20230906170013_jpg.rf.207d1a541b9627031807662b1f90cb25.jpg,none,KEEP,No issues found
train,augmented_IMG20230906170040_jpg.rf.f1268c7c8f795281667043bea48b5288.jpg,none,KEEP,No issues found
train,augmented_IMG20230906170050_jpg.rf.33c544943f3b7af05dfb1f77dbd76e66.jpg,none,KEEP,No issues found
train,augmented_IMG20230906170540_jpg.rf.e8f5a9b49fa76463e5795578c25b2f70.jpg,none,KEEP,No issues found
train,augmented_IMG_20220701_003750_jpg.rf.e895461aff174e65530db9447c20f2b6.jpg,none,KEEP,No issues found
train,augmented_istockphoto-1339909663-1024x1024-transformed_jpeg_jpg.rf.a7ebc68e53e48d9418433cf260de5246.jpg,none,KEEP,No issues found
train,augmented_istockphoto-1392320577-1024x1024-transformed_jpeg_jpg.rf.cfbb217b2f1f3561ba5710d934c3e9a8.jpg,none,KEEP,No issues found
train,augmented_knit-fabric-fix-3_jpg.rf.2b44b9d3cbe80e564f7d7135a6ac490c.jpg,none,KEEP,No issues found
train,augmented_Overlocker-serger-stitch-problems-8_jpg.rf.cb664430bb0dedb696aad40168839aec.jpg,none,KEEP,No issues found
train,augmented_photo_2023-11-19_18-10-11_jpg.rf.53914b54bf1cf28a1505f3353c25d039.jpg,none,KEEP,No issues found
train,augmented_photo_2023-11-19_18-10-38_jpg.rf.1df58128d84cab3bc51fe3017323a709.jpg,none,KEEP,No issues found
train,augmented_photo_2023-11-19_18-10-46_jpg.rf.a1ab4021d3f693d389eecb9c8cab3c8c.jpg,none,KEEP,No issues found
train,augmented_photo_2023-11-19_18-10-56_jpg.rf.744a498fa7f48e02af4b42a35790efdd.jpg,none,KEEP,No issues found
train,augmented_photo_2023-11-19_18-11-19_jpg.rf.9a081d1081349faa4d9ebb92c2453b0e.jpg,none,KEEP,No issues found
train,augmented_photo_2023-11-19_18-11-24_jpg.rf.8974988e0525d2f0eb0365b52b3a04ff.jpg,none,KEEP,No issues found
train,augmented_photo_2023-11-19_18-11-27_jpg.rf.120a6f2b775bcdc4a0158dcc7e179d55.jpg,none,KEEP,No issues found
train,augmented_photo_2023-11-19_18-11-31_jpg.rf.7e8556fa54b7dde5abce4b2e3cdc6385.jpg,none,KEEP,No issues found
train,augmented_photo_2023-11-19_18-11-34_jpg.rf.bdc4a6ca766327b5485b47d0fc77c8c2.jpg,none,KEEP,No issues found
train,augmented_red-woolen-fabric-texture-black-big-hole-red-woolen-fabric-texture-black-big-hole-clothes-209360764-transformed_jpeg_jpg.rf.09bfe3c970a589bc87c840a25c020aaa.jpg,none,KEEP,No issues found
train,augmented_stock-photo-blue-jeans-denim-clothes-torn-with-fade-color-414160012-transformed_jpeg_jpg.rf.24fa75f9559158492ac93a5f23609ba7.jpg,none,KEEP,No issues found
train,augmented_stock-photo-blue-torn-jeans-fabric-denim-jeans-texture-or-denim-jeans-background-1967633710-transformed_jpeg_jpg.rf.4bf1c5a4a645e079f4e91b9d913cff7c.jpg,none,KEEP,No issues found
train,augmented_stock-photo-denim-jeans-blue-old-torn-of-fashion-design-421751314-transformed_jpeg_jpg.rf.9d2cfb5f8e6ffb018ff829dbd34cb35e.jpg,none,KEEP,No issues found
train,augmented_stock-photo-holes-at-linen-45917446-transformed_jpeg_jpg.rf.9699e1d017860464c4719194d002190f.jpg,none,KEEP,No issues found
train,augmented_stock-photo-old-torn-blue-jeans-background-397872253-transformed_jpeg_jpg.rf.b39b9f1db9c11a839516b47c15516b4e.jpg,none,KEEP,No issues found
train,augmented_stock-photo-woman-showing-hole-in-the-clothes-close-up-1788170570-transformed_jpeg_jpg.rf.7ccaa7e5b27cd9ed70b72661a999e39f.jpg,none,KEEP,No issues found
train,augmented_Tension-Testing-Tutorial-1110x600-WeAllSew-Copy-3-_jpg.rf.7b0a8241ef9b89c9b9e1d7923fd2ef69.jpg,none,KEEP,No issues found
train,augmented_topbasi-10-_JPG_jpg.rf.f2c873e4d8b9a733ec3250808c8a0390.jpg,none,KEEP,No issues found
train,augmented_topbasi-12-_JPG_jpg.rf.313daf0e14edc4fbc2a64ba93f2b057e.jpg,none,KEEP,No issues found
train,augmented_topbasi-14-_JPG_jpg.rf.dac4a6f5da757f407ac8024f5a8b5e72.jpg,none,KEEP,No issues found
train,augmented_topbasi-15-_jpg.rf.0d6bac6e561cbf8c1b92cbced4166cc2.jpg,none,KEEP,No issues found
train,augmented_topbasi-15-_jpg.rf.b266015da60788829e05b778ec814028.jpg,none,KEEP,No issues found
train,augmented_topbasi-16-_jpg.rf.18990c8107eb26c99c69d00e125478eb.jpg,none,KEEP,No issues found
train,augmented_topbasi-17-_jpg.rf.0074f1e7c643fab62669aff5c31402de.jpg,none,KEEP,No issues found
train,augmented_topbasi-18-_jpg.rf.ce7e2eb433b8a19f025e8fe51409d176.jpg,none,KEEP,No issues found
train,augmented_topbasi-19-_jpg.rf.651aac3a9be92a1193cc8726cbdeada1.jpg,none,KEEP,No issues found
train,augmented_topbasi-2-_jpg.rf.6399299c26808a39f0c379d77d433db4.jpg,none,KEEP,No issues found
train,augmented_topbasi-2-_jpg.rf.d72ec6a74f94d62f409d4e9f7e01e479.jpg,none,KEEP,No issues found
train,augmented_topbasi-21-_jpg.rf.dc3435702566cb6e29213a7aa03427d9.jpg,none,KEEP,No issues found
train,augmented_topbasi-23-_jpg.rf.5b570b491999ac1186c8057e02c27626.jpg,none,KEEP,No issues found
train,augmented_topbasi-25-_jpg.rf.cb4fc44961aadfb72c798f625d42a12e.jpg,none,KEEP,No issues found
train,augmented_topbasi-26-_jpg.rf.305efe82b73d25631ff429c38f2a586f.jpg,none,KEEP,No issues found
train,augmented_topbasi-26-_jpg.rf.b76dfc2476b27c630b23f970f3a3e105.jpg,none,KEEP,No issues found
train,augmented_topbasi-27-_jpg.rf.aeb4606e6003058f6ba184adbcfb4fb5.jpg,none,KEEP,No issues found
train,augmented_topbasi-28-_jpg.rf.190a3b34d16f9f09770951f74d554961.jpg,none,KEEP,No issues found
train,augmented_topbasi-29-_jpg.rf.b4ae2f31bbda3305fdb94124318c0f1a.jpg,none,KEEP,No issues found
train,augmented_topbasi-29-_jpg.rf.e268c4ee7b4d7cc3a75d050a92180ad3.jpg,none,KEEP,No issues found
train,augmented_topbasi-3-_jpg.rf.1642240ab147ee69470d2e2c7e271bcf.jpg,none,KEEP,No issues found
train,augmented_topbasi-3-_jpg.rf.ac75e67f74373fbaf877fe3e430754a8.jpg,none,KEEP,No issues found
train,augmented_topbasi-30-_jpg.rf.49e86f9476619730891c8493817508b3.jpg,none,KEEP,No issues found
train,augmented_topbasi-31-_jpg.rf.3bc192e4dcf4e25fb9c1b57afdeb0627.jpg,none,KEEP,No issues found
train,augmented_topbasi-31-_jpg.rf.7dff7493081e26dc5150f396a77f7e7b.jpg,none,KEEP,No issues found
train,augmented_topbasi-32-_jpg.rf.6627c532827bfc4d9c195ed9d6192f0c.jpg,none,KEEP,No issues found
train,augmented_topbasi-33-_jpg.rf.9c983d8140611025a9d2b16226291459.jpg,none,KEEP,No issues found
train,augmented_topbasi-34-_jpg.rf.1dc0682744d65485ae914dd4dd0da36e.jpg,none,KEEP,No issues found
train,augmented_topbasi-34-_jpg.rf.21e22e2f17a63b7c58d5c8a577b6730d.jpg,none,KEEP,No issues found
train,augmented_topbasi-5-_jpg.rf.6da776eaf013e4b46a826f1214ec3ce2.jpg,none,KEEP,No issues found
train,augmented_topbasi-5-_jpg.rf.d124a28cc3bf099e04c5b5a8893bcb0f.jpg,none,KEEP,No issues found
train,augmented_topbasi-6-_jpg.rf.992a1faf6823451f38286f042b5b5280.jpg,none,KEEP,No issues found
train,augmented_topbasi-6-_jpg.rf.9b52b08485e67582ef2f2fa56b04c4df.jpg,none,KEEP,No issues found
train,augmented_topbasi-7-_jpg.rf.2cd8a6bf38c5bcaa4efd729dc83bb94e.jpg,none,KEEP,No issues found
train,augmented_topbasi-9-_JPG_jpg.rf.d7238911d5480db5aaf000427954d4e1.jpg,none,KEEP,No issues found
train,augmented_welspun_133782073576596_png_jpg.rf.0b193b5ec0837d52ecfa672cb91c2ab4.jpg,none,KEEP,No issues found
train,augmented_welspun_15657249776829_png_jpg.rf.1f4f9548d4dbbbb21cf46d7e00cf558a.jpg,none,KEEP,No issues found
train,augmented_welspun_15657249776829_png_jpg.rf.cd6a0aeb3a9410af02814a7576497262.jpg,none,KEEP,No issues found
train,augmented_welspun_17563715284691_png_jpg.rf.d1d2eda57164ece60cbbf2cf13547353.jpg,none,KEEP,No issues found
train,augmented_welspun_47783012359054_png_jpg.rf.ec96b4a6a3577dc7b144080a7bb6d82d.jpg,none,KEEP,No issues found
train,augmented_welspun_49010414466798_png_jpg.rf.3274ed4335f4363c4f52ac00d56f2e29.jpg,none,KEEP,No issues found
train,augmented_welspun_49010414466798_png_jpg.rf.6b861f8bcaadc3fe43f4f1b0595dc953.jpg,none,KEEP,No issues found
train,augmented_welspun_77396897643165_png_jpg.rf.f2304fb63832bbabb31efd5e42b96432.jpg,none,KEEP,No issues found
train,augmented_WhatsApp-Image-2022-11-18-at-1-00-05-AM_jpeg_jpg.rf.1d841398fec6cdb29920a4a4292fb989.jpg,none,KEEP,No issues found
train,augmented_WhatsApp-Image-2022-11-18-at-1-00-10-AM_jpeg_jpg.rf.927b957494ddd69c2fd2658242057f36.jpg,none,KEEP,No issues found
train,augmented_WhatsApp-Image-2022-11-18-at-12-59-59-AM_jpeg_jpg.rf.6b450dfba2175e8e762d2a2021859125.jpg,none,KEEP,No issues found
train,augmented_WhatsApp-Image-2022-11-18-at-12-59-59-AM_jpeg_jpg.rf.a919f11339512db84accba203498ad74.jpg,none,KEEP,No issues found
train,augmented_zzxxxxc-Copy_JPG_jpg.rf.2098f3a715c118d44b7179d9050ac056.jpg,none,KEEP,No issues found
train,augmented_zzxxxxc-Copy_JPG_jpg.rf.68fb65d1f77d557623456cdc10e57539.jpg,none,KEEP,No issues found
train,cloth-hole-old-small-48322188-transformed_jpeg_jpg.rf.ef606af09f1a901e4e079a3ad3a12187.jpg,none,KEEP,No issues found
train,Fab_20230807_114823_jpg.rf.29da928692aafd8299b139ae091acfb6.jpg,none,KEEP,No issues found
train,Fab_20230807_114823_jpg.rf.5bf6231c52003b26e3b994477188ca2b.jpg,none,KEEP,No issues found
train,Fab_20230807_114823_jpg.rf.8634b86fca8647b9d0b55915db5db018.jpg,none,KEEP,No issues found
train,Fab_20230807_114823_jpg.rf.b88d873cf2d4ae2a319a632b4dd0e621.jpg,none,KEEP,No issues found
train,Fab_20230807_114823_jpg.rf.cfc351b7df0f636e29a4efb98b9122ca.jpg,none,KEEP,No issues found
train,Fab_20230807_115031_jpg.rf.98f00ed76a77b36587bc59b35355576a.jpg,none,KEEP,No issues found
train,Fab_20230807_115031_jpg.rf.a108b1fad53800163b55ae1253dfbcbc.jpg,none,KEEP,No issues found
train,Fab_20230807_115031_jpg.rf.b2d5f83aa7a31cb65b0395e49bf86333.jpg,none,KEEP,No issues found
train,Fab_20230807_115031_jpg.rf.f72708fef97f5c307756af7326781de1.jpg,none,KEEP,No issues found
train,Fab_20231003_105156_jpg.rf.51518c046cada279db06193653bc5c4f.jpg,none,KEEP,No issues found
train,Fab_20231003_105156_jpg.rf.e0456e28b41dd42f7f913f3a312cb5ff.jpg,none,KEEP,No issues found
train,Fab_20231003_105206_jpg.rf.6ea2d4d8695e36874bdb9c762c3eae1f.jpg,none,KEEP,No issues found
train,Fab_20231003_105214_jpg.rf.697094959c947ba5f542f058d44a561f.jpg,none,KEEP,No issues found
train,Fab_20231004_115921_jpg.rf.246c0864050eef01d72532738969dda8.jpg,none,KEEP,No issues found
train,Fab_20231004_115921_jpg.rf.fc36712ee1ead1a658abfebc1cda7097.jpg,none,KEEP,No issues found
train,Fab_20231004_115932_jpg.rf.df819b371ec7c79b21accfcb44f11ff8.jpg,none,KEEP,No issues found
train,Fab_20231004_115940_jpg.rf.1e6e7561c284d163f814eba8debf2935.jpg,none,KEEP,No issues found
train,Fab_20231004_115940_jpg.rf.5804047469f08a5f8512aef146f9566a.jpg,none,KEEP,No issues found
train,Fab_20231004_115940_jpg.rf.7eddd7328071665acea46afb3bb91c79.jpg,none,KEEP,No issues found
train,Fab_20231005_150221_jpg.rf.06b98f0f9eb938048fb1c41325887fd9.jpg,none,KEEP,No issues found
train,Fab_20231005_150221_jpg.rf.9592e5c62d77eb477c2e2f418f4ec681.jpg,none,KEEP,No issues found
train,Fab_20231005_150221_jpg.rf.c6e5dc397049f325eb4556f32f6c200f.jpg,none,KEEP,No issues found
train,Fab_20231005_150236_jpg.rf.7b9cf86454baa55f04844ce084dfc01d.jpg,none,KEEP,No issues found
train,Fab_20231005_150248_jpg.rf.9d0155d690db757f061756d64c8f980c.jpg,none,KEEP,No issues found
train,Fab_20231005_150248_jpg.rf.bad4d737ae178b18adc65c9849d88da1.jpg,none,KEEP,No issues found
train,Fabric22_jpg.rf.fa63bb695f9f7f9e6f119d37cafa07d4.jpg,none,KEEP,No issues found
train,hole-clothing-made-wool-concept-defect-marriage-insect-moth-183122008-transformed_jpeg_jpg.rf.99f3d1a58bbc9587aae850721087bbc8.jpg,none,KEEP,No issues found
train,IMG-20230803-WA0018_jpg.rf.1997ba3218c22a1ecbb818ebe8863fc0.jpg,none,KEEP,No issues found
train,IMG-20230803-WA0018_jpg.rf.57ae1666bad95e1a8b4192ca4d4a0421.jpg,none,KEEP,No issues found
train,IMG-20230803-WA0018_jpg.rf.9e7f2cb6766cb9925f43e57a95018b5e.jpg,none,KEEP,No issues found
train,IMG-20230803-WA0029_jpg.rf.19279c00c90c2ec9922418158391b705.jpg,none,KEEP,No issues found
train,IMG-20230803-WA0029_jpg.rf.27d81e82d73e1bb11ed65c1c3f012c6f.jpg,none,KEEP,No issues found
train,IMG-20230803-WA0029_jpg.rf.31b1c7944cfc25b1c49a92f2b1f9135d.jpg,none,KEEP,No issues found
train,IMG-20230803-WA0029_jpg.rf.cbba6af5fd0198cb10b26d67297a25f0.jpg,none,KEEP,No issues found
train,IMG-20230803-WA0029_jpg.rf.daa94aa15779103f541711bfd4714166.jpg,none,KEEP,No issues found
train,IMG-20230803-WA0036_jpg.rf.82dcdcb3f1b978c2aac5c9bcb8523281.jpg,none,KEEP,No issues found
train,IMG-20230803-WA0036_jpg.rf.c7061a690fd91401879a6272604b6615.jpg,none,KEEP,No issues found
train,IMG-20230803-WA0037_jpg.rf.51e8106a83a2075cc2949428a26ec357.jpg,none,KEEP,No issues found
train,IMG-20230803-WA0037_jpg.rf.67990a8a083600bf60c55e836f5ee801.jpg,none,KEEP,No issues found
train,IMG-20230803-WA0037_jpg.rf.7866b65eb816b6d73ede446cbc1934be.jpg,none,KEEP,No issues found
train,IMG-20230803-WA0037_jpg.rf.a72bc3da47f4102040dac147e92c4ad3.jpg,none,KEEP,No issues found
train,IMG-20230803-WA0037_jpg.rf.f7dde54befad4afcfa7482bfeb38c525.jpg,none,KEEP,No issues found
train,IMG-20230803-WA0039_jpg.rf.1e49f9630adc42f1494b89a01938e4d8.jpg,none,KEEP,No issues found
train,IMG-20230803-WA0041_jpg.rf.0fb7d8ad584e57cc1120f89952cc1537.jpg,none,KEEP,No issues found
train,IMG-20230803-WA0041_jpg.rf.bd4b79627a2314aadf561494868c9610.jpg,none,KEEP,No issues found
train,IMG-20230803-WA0042_jpg.rf.6d7e869a59d1a6bbac399a8643349e97.jpg,none,KEEP,No issues found
train,IMG-20230803-WA0043_jpg.rf.46f6c09ea74ba7c8b095324bab786636.jpg,none,KEEP,No issues found
train,IMG-20230803-WA0043_jpg.rf.7d95c17b9a366074f422f3709293d56a.jpg,none,KEEP,No issues found
train,IMG-20230803-WA0044_jpg.rf.3ad9b329b13bbd7c1833ed7072d20f49.jpg,none,KEEP,No issues found
train,IMG-20230803-WA0044_jpg.rf.84e496eb1560f0db9a81338b6b3f0c5e.jpg,none,KEEP,No issues found
train,IMG-20230803-WA0044_jpg.rf.ec5da5059bb53faac9d8d7299bfd7f97.jpg,none,KEEP,No issues found
train,IMG-20230803-WA0045_jpg.rf.19934b749257554616df1e5d52ad64fb.jpg,none,KEEP,No issues found
train,IMG-20230803-WA0045_jpg.rf.7df3a3408f3b42a941204014eaaa6e28.jpg,none,KEEP,No issues found
train,IMG-20230803-WA0045_jpg.rf.9951da9f5738704073af97283b74784b.jpg,none,KEEP,No issues found
train,IMG-20230803-WA0045_jpg.rf.a8157f424fcac3c1133c92adedeaff09.jpg,none,KEEP,No issues found
train,IMG-20230803-WA0045_jpg.rf.f7447ded853d292fe7bfb1c6a6e3405d.jpg,none,KEEP,No issues found
train,IMG-20230803-WA0046_jpg.rf.6086c384c9bd583c9620c415cdc4f58d.jpg,none,KEEP,No issues found
train,IMG-20230803-WA0046_jpg.rf.71aee4f7a862ce0c0742180e3d1c2927.jpg,none,KEEP,No issues found
train,IMG-20230803-WA0046_jpg.rf.9acb007c137064ede9e798fbc6ed7c4c.jpg,none,KEEP,No issues found
train,IMG-20230803-WA0048_jpg.rf.2624321cd335b39364bfcd925bcb46af.jpg,none,KEEP,No issues found
train,IMG-20230803-WA0048_jpg.rf.59c4a7ed95b240efab52698c0def6951.jpg,none,KEEP,No issues found
train,IMG-20230803-WA0048_jpg.rf.9f5ac3d90580ecabac5c39c986d53080.jpg,none,KEEP,No issues found
train,IMG-20230803-WA0049_jpg.rf.583e9bb12732b7fc4cba18896375c5b1.jpg,none,KEEP,No issues found
train,IMG-20230803-WA0049_jpg.rf.b2c9c1f26e91121553826b2abb7f9c26.jpg,none,KEEP,No issues found
train,IMG-20230803-WA0054_jpg.rf.40018379e3568e11a073f1b632d248ee.jpg,none,KEEP,No issues found
train,IMG-20230803-WA0054_jpg.rf.8df34346e8a0ed7c99e913bf87e93081.jpg,none,KEEP,No issues found
train,IMG-20230803-WA0055_jpg.rf.311a26289ae52a532928d9c3839c5a1e.jpg,none,KEEP,No issues found
train,IMG-20230803-WA0055_jpg.rf.70c889f52b84d2a192f8cd78f567c491.jpg,none,KEEP,No issues found
train,IMG-20230803-WA0055_jpg.rf.930c9d4395ab764a08643252f551f603.jpg,none,KEEP,No issues found
train,IMG-20230803-WA0055_jpg.rf.94e000e94740908786dbd617dacb6a7a.jpg,none,KEEP,No issues found
train,IMG-20230803-WA0055_jpg.rf.b73c3940ea01df0c9fb606de83f7acf3.jpg,none,KEEP,No issues found
train,IMG-20230803-WA0055_jpg.rf.fc62a86a1a409cc357d711e318a711ff.jpg,none,KEEP,No issues found
train,IMG-20230803-WA0060_jpg.rf.008fd99c264e5bf2898058366941a64c.jpg,none,KEEP,No issues found
train,IMG-20230803-WA0060_jpg.rf.da6a54f8ea5d9cc474c59671bd1baf2d.jpg,none,KEEP,No issues found
train,IMG-20230803-WA0065_jpg.rf.9c14351e15a03326ccfe24fffb2ccaf3.jpg,none,KEEP,No issues found
train,IMG-20230803-WA0065_jpg.rf.a4d40c775f6095e921fcdb9eebee65ac.jpg,none,KEEP,No issues found
train,IMG-20230803-WA0065_jpg.rf.f2cea339eacce80eecef02146c395b28.jpg,none,KEEP,No issues found
train,IMG-20230807-WA0026_jpg.rf.22d5a2ecca2be70e2e3560b7a3e9221d.jpg,none,KEEP,No issues found
train,IMG-20230807-WA0026_jpg.rf.65507fb86e820f8b139592974d3f9b20.jpg,none,KEEP,No issues found
train,IMG-20230807-WA0027_jpg.rf.450e55688e119ccf484541429ebf7387.jpg,none,KEEP,No issues found
train,IMG-20230807-WA0028_jpg.rf.0438c676da2661947fa8b35f83a9a98a.jpg,none,KEEP,No issues found
train,IMG-20230807-WA0028_jpg.rf.3051391b31c3a1d5b51bf91e7f885faa.jpg,none,KEEP,No issues found
train,IMG-20230807-WA0028_jpg.rf.c6b5896ecf8ce509b558538ba57415f7.jpg,none,KEEP,No issues found
train,IMG-20230807-WA0029_jpg.rf.075e48c9d9e60dd351c1908c387cb3ee.jpg,none,KEEP,No issues found
train,IMG-20230807-WA0029_jpg.rf.33df476ad66c2e2ad94818130aa56a73.jpg,none,KEEP,No issues found
train,IMG-20230807-WA0029_jpg.rf.ce6e9c79479f450154d245ea700db43f.jpg,none,KEEP,No issues found
train,IMG-20230807-WA0045_jpg.rf.2c4168fe3e727d1f66f09e54047efc19.jpg,none,KEEP,No issues found
train,IMG-20230807-WA0045_jpg.rf.3193fac843e921c57f253f8d58b151a0.jpg,none,KEEP,No issues found
train,IMG-20230807-WA0045_jpg.rf.31b62f794c1af89fd6d60d422afe7d00.jpg,none,KEEP,No issues found
train,IMG-20230807-WA0045_jpg.rf.61d5ab8e5a16b140b1e9ce312eede7ea.jpg,none,KEEP,No issues found
train,IMG-20230807-WA0045_jpg.rf.9e14eea61dd7eaf7b1d4a8c00bdc4f11.jpg,none,KEEP,No issues found
train,IMG-20230807-WA0045_jpg.rf.a80a06518819806b07daf0f7661b3d1f.jpg,none,KEEP,No issues found
train,IMG-20230807-WA0047_jpg.rf.235c46c4a0ace43a43e6cdf6f0eb30aa.jpg,none,KEEP,No issues found
train,IMG-20230807-WA0048_jpg.rf.cecc619bb5b503897d1fe352bdc4e3fb.jpg,none,KEEP,No issues found
train,IMG-20230807-WA0048_jpg.rf.df2ef7fd06c9d6b9e339013d45635cf0.jpg,none,KEEP,No issues found
train,IMG-20230807-WA0049_jpg.rf.1cfc1b24f05107235f0bbbbdfa4338a0.jpg,none,KEEP,No issues found
train,IMG-20230807-WA0049_jpg.rf.6c6164faf7af72975ab1db4bf8cf5e55.jpg,none,KEEP,No issues found
train,IMG-20230807-WA0049_jpg.rf.a4872f39a0d2bfaacc7cef0437c215db.jpg,none,KEEP,No issues found
train,IMG-20230807-WA0049_jpg.rf.cd1cd17d5463470ca07b9080bbe20cbf.jpg,none,KEEP,No issues found
train,IMG-20230807-WA0049_jpg.rf.e50e20a9d91d69a700054f6407ffbafc.jpg,none,KEEP,No issues found
train,IMG-20230808-WA0028_jpg.rf.53b53450c3f58a1cc553908df78c8b47.jpg,none,KEEP,No issues found
train,IMG-20230808-WA0028_jpg.rf.b467294a23637fe80c02912bb76d5d47.jpg,none,KEEP,No issues found
train,IMG-20230808-WA0030_jpg.rf.6bd66dbfee9bc6bdc21366ca2fc64fdf.jpg,none,KEEP,No issues found
train,IMG-20230808-WA0031_jpg.rf.11e222988cd74a5570d3c56780c6e1cc.jpg,none,KEEP,No issues found
train,IMG-20230808-WA0031_jpg.rf.25ad29d706be24f867549742983c4fe5.jpg,none,KEEP,No issues found
train,IMG-20230808-WA0031_jpg.rf.2851f43afe9e146445200088d984f87c.jpg,none,KEEP,No issues found
train,IMG-20230808-WA0031_jpg.rf.8c70adea415e53be80719ea34ae2afb0.jpg,none,KEEP,No issues found
train,IMG-20230808-WA0031_jpg.rf.a5a6dd1702bf1a13a1c349bb35d85343.jpg,none,KEEP,No issues found
train,IMG-20230808-WA0031_jpg.rf.b372917c1c44372d3eaf69cac9acb834.jpg,none,KEEP,No issues found
train,IMG-20230808-WA0034_jpg.rf.4de5ca574689a8e7b6de95ddf850aab2.jpg,none,KEEP,No issues found
train,IMG-20230808-WA0034_jpg.rf.69d88d110cbc4fbc56d8e3a855e927a7.jpg,none,KEEP,No issues found
train,IMG-20230808-WA0034_jpg.rf.6cb19ef3b8bdb03035e6cb5af65ab2dd.jpg,none,KEEP,No issues found
train,IMG-20230808-WA0034_jpg.rf.811fde7ff5d22b696185a4f0a3328b64.jpg,none,KEEP,No issues found
train,IMG-20230808-WA0035_jpg.rf.3e844f86ae55e828a5612f391916017b.jpg,none,KEEP,No issues found
train,IMG-20230808-WA0040_jpg.rf.5a1be7be79226c64651db0455dddc446.jpg,none,KEEP,No issues found
train,IMG-20230808-WA0040_jpg.rf.7f6f0fef8f853f2e5ff9b475e4379b3b.jpg,none,KEEP,No issues found
train,IMG-20230808-WA0040_jpg.rf.f21138818b1e273bdfe84e4e18194cf9.jpg,none,KEEP,No issues found
train,IMG-20230808-WA0041_jpg.rf.487704419c115011a4794d143071405c.jpg,none,KEEP,No issues found
train,IMG-20230808-WA0042_jpg.rf.307629dd4967d6403846d9e3ad486711.jpg,none,KEEP,No issues found
train,IMG-20230808-WA0042_jpg.rf.4af55ec5fddbdc1ab75072c85ec23320.jpg,none,KEEP,No issues found
train,IMG-20230808-WA0042_jpg.rf.9b3ddadb1a6243d448bfd41799f2e677.jpg,none,KEEP,No issues found
train,IMG-20230808-WA0043_jpg.rf.0b902a6ccda820d22859113b0e6c8b8e.jpg,none,KEEP,No issues found
train,IMG-20230808-WA0043_jpg.rf.2d58f08a3a4499d734ac53437b715c0b.jpg,none,KEEP,No issues found
train,IMG-20230808-WA0043_jpg.rf.43775ff05441ba5991408a05c1362489.jpg,none,KEEP,No issues found
train,IMG-20230808-WA0043_jpg.rf.b6bf5456d0ca2c75f682b80932352dcf.jpg,none,KEEP,No issues found
train,IMG-20230808-WA0043_jpg.rf.bfc08504def186b88c2d5f01bc07a133.jpg,none,KEEP,No issues found
train,IMG-20230808-WA0043_jpg.rf.d1116b8d01406fd4ab9e4d73ccb174ea.jpg,none,KEEP,No issues found
train,IMG-20230808-WA0043_jpg.rf.e48b4d462e78103c9394912d32225bb3.jpg,none,KEEP,No issues found
train,IMG-20230808-WA0043_jpg.rf.fa78d2766f9452160392a95b876b327c.jpg,none,KEEP,No issues found
train,IMG-20230808-WA0044_jpg.rf.1af0d2c7d35364cabf34f9decf72b347.jpg,none,KEEP,No issues found
train,IMG-20230808-WA0044_jpg.rf.23cbd4ca732b09b282e67e18f60c22f7.jpg,none,KEEP,No issues found
train,IMG-20230808-WA0044_jpg.rf.4ede52870d00ac71c21aedbc8bcde16a.jpg,none,KEEP,No issues found
train,IMG-20230808-WA0044_jpg.rf.71a166a7c1d7fda1656c934f39b56954.jpg,none,KEEP,No issues found
train,IMG-20230808-WA0044_jpg.rf.e40f3177b97b46a36200b978d2078246.jpg,none,KEEP,No issues found
train,IMG-20230808-WA0045_jpg.rf.09481b079b353706ec3f553e96609c05.jpg,none,KEEP,No issues found
train,IMG-20230808-WA0045_jpg.rf.28f89ae145c7360af9f290d50b93c76a.jpg,none,KEEP,No issues found
train,IMG-20230808-WA0045_jpg.rf.9f77e63dad0624591b985045c6be4d6d.jpg,none,KEEP,No issues found
train,IMG-20230808-WA0046_jpg.rf.7d25d69e7bd8e3aae93036a8a051580e.jpg,none,KEEP,No issues found
train,IMG-20230808-WA0046_jpg.rf.9440d42e49b3a842b21f582fba930cc3.jpg,none,KEEP,No issues found
train,IMG-20230808-WA0046_jpg.rf.ce551e09414ea915b93e2be506e20255.jpg,none,KEEP,No issues found
train,IMG-20230808-WA0046_jpg.rf.e96ae5376773743693ca48e797ca3e62.jpg,none,KEEP,No issues found
train,IMG-20230808-WA0050_jpg.rf.28c0a6c2712e900cceccfe4b40f01b0b.jpg,none,KEEP,No issues found
train,IMG-20230808-WA0051_jpg.rf.422f7bd0aa1bb24a964c11a06dc91367.jpg,none,KEEP,No issues found
train,IMG-20230808-WA0051_jpg.rf.75f838bfd6e280e62071a9a48f0d54fb.jpg,none,KEEP,No issues found
train,IMG-20230808-WA0054_jpg.rf.1fbae286cf0e755aeecf1e8278cdc8a3.jpg,none,KEEP,No issues found
train,IMG-20230808-WA0054_jpg.rf.3be8e1dade88e73ed22a4343309fdaab.jpg,none,KEEP,No issues found
train,IMG-20230808-WA0054_jpg.rf.3c8fe6d6081a08fcd6f23b0f5de7df9b.jpg,none,KEEP,No issues found
train,IMG-20230808-WA0054_jpg.rf.4106bbbfc1b78c2c58627e6b27eab538.jpg,none,KEEP,No issues found
train,IMG-20230808-WA0056_jpg.rf.3e7f953dbcbfa981513a62a1ea8c897a.jpg,none,KEEP,No issues found
train,IMG-20230808-WA0056_jpg.rf.5dc52ef3a3d949e3987784a2e8f453cb.jpg,none,KEEP,No issues found
train,IMG-20230808-WA0056_jpg.rf.6007bbf0aa9916b6daa8fb445682c713.jpg,none,KEEP,No issues found
train,IMG-20230808-WA0056_jpg.rf.b7e4e0904565581debe88eb586d77fd7.jpg,none,KEEP,No issues found
train,IMG-20230808-WA0056_jpg.rf.ed0a0ba2b3debb74a849b2883670a31c.jpg,none,KEEP,No issues found
train,IMG-20230808-WA0057_jpg.rf.44c1b3873710f08002ced08f50e559ff.jpg,none,KEEP,No issues found
train,IMG-20230808-WA0057_jpg.rf.5df20b3fcab12c5f4f58c8c9a819b8ab.jpg,none,KEEP,No issues found
train,IMG-20230808-WA0057_jpg.rf.8515e9ae14307479441012dcf4d08f6b.jpg,none,KEEP,No issues found
train,IMG-20230808-WA0057_jpg.rf.b7607b13de768607f73edc146002997d.jpg,none,KEEP,No issues found
train,IMG-20230808-WA0057_jpg.rf.e56f72315fa9e8caede0c9ff2b48d675.jpg,none,KEEP,No issues found
train,IMG-20230809-WA0061_jpg.rf.4c299b52d76f4533c650db2d23f6cfc6.jpg,none,KEEP,No issues found
train,IMG-20230809-WA0061_jpg.rf.b6703da5448c61decfe73455c3aeb373.jpg,none,KEEP,No issues found
train,IMG-20230809-WA0061_jpg.rf.de7d0335d54a2ede3a8b9d2654c7099e.jpg,none,KEEP,No issues found
train,IMG-20230809-WA0062_jpg.rf.3e9910884cf9cff1e0e7cee013690000.jpg,none,KEEP,No issues found
train,IMG-20230809-WA0062_jpg.rf.aaee5d34970beb56c43f950afcf70c41.jpg,none,KEEP,No issues found
train,IMG-20230809-WA0062_jpg.rf.f5c52a71474771d214258250d55c3ee7.jpg,none,KEEP,No issues found
train,IMG-20230809-WA0064_jpg.rf.051c9467cee0cf69a44fb5b32203e737.jpg,none,KEEP,No issues found
train,IMG-20230809-WA0064_jpg.rf.0e213051f7e84670d733c97856dc28b6.jpg,none,KEEP,No issues found
train,IMG-20230809-WA0064_jpg.rf.8d7652c83455a328fcc1ed2ded5a7249.jpg,none,KEEP,No issues found
train,IMG-20230809-WA0065_jpg.rf.de2c69dbacc2e74380cc3a3d0fab6905.jpg,none,KEEP,No issues found
train,IMG-20230809-WA0069_jpg.rf.6ac9096e10cf6b90bc8164f90c56b584.jpg,none,KEEP,No issues found
train,IMG-20230809-WA0069_jpg.rf.9ee6b96c88436cea17e93c310b987499.jpg,none,KEEP,No issues found
train,IMG-20230809-WA0069_jpg.rf.e2d3682f088db0dfe27480e812347c21.jpg,none,KEEP,No issues found
train,IMG-20230809-WA0072_jpg.rf.274f05e7f46b4da0123e39f26b2abd29.jpg,none,KEEP,No issues found
train,IMG-20230809-WA0072_jpg.rf.351954d35e3b89c2906c7e78be34e4b4.jpg,none,KEEP,No issues found
train,IMG-20230809-WA0072_jpg.rf.6b6f36db021fb065c7ad3116a92bc46a.jpg,none,KEEP,No issues found
train,IMG-20230809-WA0073_jpg.rf.4a56685e9aa23bd55c27a5ddecbcaebb.jpg,none,KEEP,No issues found
train,IMG-20230809-WA0073_jpg.rf.50d0266111548e040a4f203e4e5f3305.jpg,none,KEEP,No issues found
train,IMG-20230809-WA0073_jpg.rf.92b826f003eef6c305975337ec884730.jpg,none,KEEP,No issues found
train,IMG-20230809-WA0073_jpg.rf.96f8157a27546d7da0d3a445b7efcd51.jpg,none,KEEP,No issues found
train,IMG-20230809-WA0073_jpg.rf.a2fa7bc81b1d97d74792774e16820769.jpg,none,KEEP,No issues found
train,IMG-20230809-WA0073_jpg.rf.fdecfdc709376ebb59e1fa2d4ac3a12a.jpg,none,KEEP,No issues found
train,IMG-20230809-WA0074_jpg.rf.16e7efdfd03c022ba072718bb95f06d2.jpg,none,KEEP,No issues found
train,IMG-20230809-WA0076_jpg.rf.19105f57a49fa848b61615b8f8df62ae.jpg,none,KEEP,No issues found
train,IMG-20230809-WA0076_jpg.rf.4a8ff816ae4cf0b40f39d117e7203705.jpg,none,KEEP,No issues found
train,IMG-20230809-WA0076_jpg.rf.b1644b2d8c328f2e38a5f0a749cd430a.jpg,none,KEEP,No issues found
train,IMG-20230809-WA0076_jpg.rf.f6517d2e9d7f612be613032d5826505d.jpg,none,KEEP,No issues found
train,IMG-20230809-WA0076_jpg.rf.fa702e432eb7a345db6274b178518689.jpg,none,KEEP,No issues found
train,IMG-20230809-WA0077_jpg.rf.4f77946bd0d480c19968a56ef1ef714e.jpg,none,KEEP,No issues found
train,IMG-20230809-WA0077_jpg.rf.faf931510d804aa4dfd616d1c23f6b0c.jpg,none,KEEP,No issues found
train,IMG-20230809-WA0078_jpg.rf.5347d6839324d32b9a3e200427505f35.jpg,none,KEEP,No issues found
train,IMG-20230809-WA0078_jpg.rf.f698b0fb5b404a3ee934e47cb0f75da7.jpg,none,KEEP,No issues found
train,IMG-20230809-WA0079_jpg.rf.8e12b1010adda7222cc45a1b2bffdc7b.jpg,none,KEEP,No issues found
train,IMG-20230809-WA0080_jpg.rf.0879d5bf20d15c42d5fb8c5ed7132b26.jpg,none,KEEP,No issues found
train,IMG-20230809-WA0080_jpg.rf.dbf5d24d62f23662e5373446b88eac2b.jpg,none,KEEP,No issues found
train,IMG-20230809-WA0083_jpg.rf.0332e19485da6e2a4aed41a593270f30.jpg,none,KEEP,No issues found
train,IMG-20230809-WA0083_jpg.rf.473f574de7ef1f081bb56d2793bbdfb8.jpg,none,KEEP,No issues found
train,IMG-20230809-WA0083_jpg.rf.dd0c8351d9ea1d8e3d6e48520e4b8f45.jpg,none,KEEP,No issues found
train,IMG-20230809-WA0084_jpg.rf.0a0bddc082ed72f7a858c7c11e0bee1c.jpg,none,KEEP,No issues found
train,IMG-20230809-WA0084_jpg.rf.1dfe47bb54b5a8f0da7be524b23364e5.jpg,none,KEEP,No issues found
train,IMG-20230809-WA0084_jpg.rf.24af21f4bf0abfb1060802c24ac19f78.jpg,none,KEEP,No issues found
train,IMG-20230809-WA0084_jpg.rf.7b157a1ad5f7dd41590595ffc44b578c.jpg,none,KEEP,No issues found
train,IMG-20230809-WA0084_jpg.rf.acf183cc5f274961dece92efe1ed9ca4.jpg,none,KEEP,No issues found
train,IMG-20230809-WA0084_jpg.rf.af848bc59cc25a854de7f159ae395fff.jpg,none,KEEP,No issues found
train,IMG-20230809-WA0084_jpg.rf.cd9b28e2d848835b6dc0251efc2cf885.jpg,none,KEEP,No issues found
train,IMG-20230809-WA0085_jpg.rf.0e659c8d326431455621ed7b5d138e92.jpg,none,KEEP,No issues found
train,IMG-20230809-WA0085_jpg.rf.4cca0e2eb82726451fac233fde20f0d7.jpg,none,KEEP,No issues found
train,IMG-20230809-WA0085_jpg.rf.e70008ebc2ada9051d8a271f8431aba0.jpg,none,KEEP,No issues found
train,IMG-20230809-WA0085_jpg.rf.f4344a7cf6aa1eb56dff430a80db3d36.jpg,none,KEEP,No issues found
train,IMG-20230809-WA0087_jpg.rf.24a4838d6bad8834bc5104124c3f4210.jpg,none,KEEP,No issues found
train,IMG-20230809-WA0087_jpg.rf.711107c2d313d5fe2bd71b9c4226127c.jpg,none,KEEP,No issues found
train,IMG-20230809-WA0087_jpg.rf.79145929b9b3d9353d9b6fbab89be61c.jpg,none,KEEP,No issues found
train,IMG-20230809-WA0087_jpg.rf.7d375a045554f999b508929494dda20f.jpg,none,KEEP,No issues found
train,IMG-20230809-WA0087_jpg.rf.8cecb2af35c4032d7f6cb351e76e2dd3.jpg,none,KEEP,No issues found
train,IMG-20230809-WA0088_jpg.rf.18ec635c009ac32b0997a2661a71b23d.jpg,none,KEEP,No issues found
train,IMG-20230809-WA0088_jpg.rf.69112ae2316e43dc47419113e5485f2f.jpg,none,KEEP,No issues found
train,IMG-20230809-WA0088_jpg.rf.7b3535532fd430ac809478d0861902d0.jpg,none,KEEP,No issues found
train,IMG-20230809-WA0088_jpg.rf.872ae93e32bb11b2acfdc3e886a2c96d.jpg,none,KEEP,No issues found
train,IMG-20230809-WA0093_jpg.rf.45a65ae395fabe6a532f02c218e6140c.jpg,none,KEEP,No issues found
train,IMG-20230809-WA0093_jpg.rf.a6551d3c8fe439a5afde37b7d37a67a8.jpg,none,KEEP,No issues found
train,IMG-20230816-WA0025_jpg.rf.56052b585feebf52294aa0c3976d1b72.jpg,none,KEEP,No issues found
train,IMG-20230816-WA0025_jpg.rf.a8c4bdb027d4a26a7929b1ed4c782dc1.jpg,none,KEEP,No issues found
train,IMG-20230816-WA0025_jpg.rf.f5aa3bf312e5d39cb4590efe5c8e91a7.jpg,none,KEEP,No issues found
train,IMG-20230816-WA0027_jpg.rf.109cfa0c922c0070c1e2ce04a31fa840.jpg,none,KEEP,No issues found
train,IMG-20230816-WA0027_jpg.rf.43e6610c547a17945f7d37b25c2c1b27.jpg,none,KEEP,No issues found
train,IMG-20230816-WA0027_jpg.rf.4ca354bec65eb5ee6771fe271b3321b7.jpg,none,KEEP,No issues found
train,IMG-20230816-WA0027_jpg.rf.50a653b61caa85ec7ac450f7228fc252.jpg,none,KEEP,No issues found
train,IMG-20230817-WA0057_jpg.rf.4c838b223244f6e7769c44ebf37da385.jpg,none,KEEP,No issues found
train,IMG-20230817-WA0057_jpg.rf.9caf00e27e0c51bb45d7ed1e147019df.jpg,none,KEEP,No issues found
train,IMG-20230817-WA0057_jpg.rf.af05c5d3f6e976a6ad18cfc4aedbff35.jpg,none,KEEP,No issues found
train,IMG-20230817-WA0057_jpg.rf.d4f82750efab0019b4037e2f8ae4699b.jpg,none,KEEP,No issues found
train,IMG-20230817-WA0058_jpg.rf.0c311a241a84124dbb2ee8717f04d900.jpg,none,KEEP,No issues found
train,IMG-20230817-WA0058_jpg.rf.3199526cd040e466d28f25bfef1095e7.jpg,none,KEEP,No issues found
train,IMG-20230817-WA0058_jpg.rf.5244d9fc9703eaa5995dc1ead0769577.jpg,none,KEEP,No issues found
train,IMG-20230817-WA0059_jpg.rf.322e516ce59bcb1eb73e8163f108fa38.jpg,none,KEEP,No issues found
train,IMG-20230817-WA0059_jpg.rf.48aabe48be1e092ca4dd3e39fb8d8c9a.jpg,none,KEEP,No issues found
train,IMG-20230817-WA0059_jpg.rf.858ad7da601e578a15786f12f9e3d23f.jpg,none,KEEP,No issues found
train,IMG-20230817-WA0061_jpg.rf.2a47087d0ecb3b4396a595c0dbd10d31.jpg,none,KEEP,No issues found
train,IMG-20230817-WA0061_jpg.rf.3db3ff1d19629204655aeaa8accea0d2.jpg,none,KEEP,No issues found
train,IMG-20230817-WA0061_jpg.rf.7c5c19baae02f1d796779f76a592db69.jpg,none,KEEP,No issues found
train,IMG-20230817-WA0061_jpg.rf.84bddb6a572c4facd70811edbcd1b606.jpg,none,KEEP,No issues found
train,IMG-20230817-WA0061_jpg.rf.b5937324ca30d4a5cb3ea6eceaa85e9c.jpg,none,KEEP,No issues found
train,IMG-20230817-WA0061_jpg.rf.ecd4eb5d636858d1e5bbc65288239358.jpg,none,KEEP,No issues found
train,IMG-20230817-WA0063_jpg.rf.1a475ae174ecc1149db63796d9824493.jpg,none,KEEP,No issues found
train,IMG-20230817-WA0063_jpg.rf.aede47031968f13a4436b92beb602f3a.jpg,none,KEEP,No issues found
train,IMG-20230817-WA0063_jpg.rf.c237e04ba3f02303bffe9c3efa32cf02.jpg,none,KEEP,No issues found
train,IMG-20230817-WA0063_jpg.rf.dad49d23ff06f67ce364825ff756d35a.jpg,none,KEEP,No issues found
train,IMG-20230817-WA0064_jpg.rf.72c55fd89707b95438444ffec8b140ac.jpg,none,KEEP,No issues found
train,IMG-20230817-WA0064_jpg.rf.a0e8df9651b018d7ebccf9aac74e7d74.jpg,none,KEEP,No issues found
train,IMG-20230817-WA0064_jpg.rf.d8183d1b45a87c1e80335ec85dc1080f.jpg,none,KEEP,No issues found
train,IMG-20230817-WA0065_jpg.rf.21245426d25975eb9188393d3342a585.jpg,none,KEEP,No issues found
train,IMG-20230817-WA0065_jpg.rf.8dfb02d442ff6bf418e2fcf736fd731e.jpg,none,KEEP,No issues found
train,IMG-20230817-WA0072_jpg.rf.b5e15752fc3bf0d0d1aec7a909a407cf.jpg,none,KEEP,No issues found
train,IMG-20230817-WA0073_jpg.rf.1beffdac973be24410cc32b7cc9a1ad3.jpg,none,KEEP,No issues found
train,IMG-20230817-WA0073_jpg.rf.1d080bd1ace4d19f7ac91a05a7694549.jpg,none,KEEP,No issues found
train,IMG-20230817-WA0073_jpg.rf.8539209c4738700c4a03db7c4a657f0d.jpg,none,KEEP,No issues found
train,IMG-20230817-WA0073_jpg.rf.a595cf3583528687f61e23512a1f9904.jpg,none,KEEP,No issues found
train,IMG-20230817-WA0073_jpg.rf.cd2d026c9131aaa685854c71642a6a72.jpg,none,KEEP,No issues found
train,IMG-20230817-WA0073_jpg.rf.f772a6d346dae19a142a5635a374db14.jpg,none,KEEP,No issues found
train,IMG-20230817-WA0074_jpg.rf.424b13eecca8753710a62ba68e07c48c.jpg,none,KEEP,No issues found
train,IMG-20230817-WA0074_jpg.rf.9834ef8bd2115829d5485909bfb9962c.jpg,none,KEEP,No issues found
train,IMG-20230817-WA0074_jpg.rf.aacb3be03eacededd5511f7587afa0ca.jpg,none,KEEP,No issues found
train,IMG-20230817-WA0075_jpg.rf.09fab73dd60105c6ef4ab4f6148ad3e7.jpg,none,KEEP,No issues found
train,IMG-20230817-WA0075_jpg.rf.3dd175948f4630de44c38c5e468fd062.jpg,none,KEEP,No issues found
train,IMG-20230817-WA0075_jpg.rf.6789a2eb6ebe6ec2d02dc6076d6f0be1.jpg,none,KEEP,No issues found
train,IMG-20230817-WA0075_jpg.rf.c81bb32bcfb6a1cc88a2ee1add34cff6.jpg,none,KEEP,No issues found
train,IMG-20230817-WA0076_jpg.rf.04beda6706f59ea6bf9d1d4836a50667.jpg,none,KEEP,No issues found
train,IMG-20230817-WA0076_jpg.rf.67fd70a8fdbf050653c7707370f8bd1e.jpg,none,KEEP,No issues found
train,IMG-20230817-WA0076_jpg.rf.77f332aed2edc9467cb22a94e7961567.jpg,none,KEEP,No issues found
train,IMG-20230817-WA0076_jpg.rf.e0daa8c6064ce3766c7d57dcf3903d43.jpg,none,KEEP,No issues found
train,IMG-20230817-WA0077_jpg.rf.07b3fe23a5856348efcbad11d5d421db.jpg,none,KEEP,No issues found
train,IMG-20230817-WA0077_jpg.rf.0f0b23fdfb481c32d68f9e3d59eaa0ab.jpg,none,KEEP,No issues found
train,IMG-20230817-WA0077_jpg.rf.2f9285a17655a08343d52bad37175243.jpg,none,KEEP,No issues found
train,IMG-20230817-WA0078_jpg.rf.17d9cfcdb6f2433566c670e0ee9d2c03.jpg,none,KEEP,No issues found
train,IMG-20230817-WA0078_jpg.rf.3214e80d48d312e89f1cae63d8552a70.jpg,none,KEEP,No issues found
train,IMG-20230817-WA0078_jpg.rf.99a6c3b5c59c35f18e4c8383db9063d2.jpg,none,KEEP,No issues found
train,IMG-20230817-WA0078_jpg.rf.9fa0b44b07c484cfaea0b224e6cf793c.jpg,none,KEEP,No issues found
train,IMG-20230817-WA0078_jpg.rf.eb32b65cfd1753b31c659815fa00b94e.jpg,none,KEEP,No issues found
train,IMG-20230817-WA0079_jpg.rf.29543572981a8b480aef6c5d99af2398.jpg,none,KEEP,No issues found
train,IMG-20230817-WA0079_jpg.rf.4f8b29bc642ac5872b1142dfe4fb4b9a.jpg,none,KEEP,No issues found
train,IMG-20230817-WA0079_jpg.rf.9d85fb357a38bc942dcb380e1383dbbe.jpg,none,KEEP,No issues found
train,IMG-20230817-WA0080_jpg.rf.0d65521e04d6cb5f952ba911a3e07450.jpg,none,KEEP,No issues found
train,IMG-20230817-WA0080_jpg.rf.2ee075bdeb484d2224b3d2dabe800598.jpg,none,KEEP,No issues found
train,IMG-20230817-WA0080_jpg.rf.6d734a60a535b126276ffaa800ac810f.jpg,none,KEEP,No issues found
train,IMG-20230817-WA0081_jpg.rf.3dbea7c696b3bbe4d52e481818e78258.jpg,none,KEEP,No issues found
train,IMG-20230817-WA0081_jpg.rf.4a29f2436d45e30ad2a26e0d58cc7e14.jpg,none,KEEP,No issues found
train,IMG-20230817-WA0081_jpg.rf.7ff53b5517fecfeb2d00f83a80b54aeb.jpg,none,KEEP,No issues found
train,IMG-20230817-WA0082_jpg.rf.3c7d07d6b417c7129895c6adc76488cd.jpg,none,KEEP,No issues found
train,IMG-20230817-WA0082_jpg.rf.4ae0ed423aa320a24483c7fe0f925963.jpg,none,KEEP,No issues found
train,IMG-20230817-WA0082_jpg.rf.d26ddd32d183cea14bc98f91f9d8e6d3.jpg,none,KEEP,No issues found
train,IMG-20230817-WA0082_jpg.rf.e35cc343a508b1369c6742c47dddf733.jpg,none,KEEP,No issues found
train,IMG-20230817-WA0084_jpg.rf.66494d828168c804204f3ded8a970859.jpg,none,KEEP,No issues found
train,IMG-20230817-WA0084_jpg.rf.ef4327cda251c1fa486984974ac39852.jpg,none,KEEP,No issues found
train,IMG-20230817-WA0084_jpg.rf.f7ce00771de96d5c8e1bfd7d57592f32.jpg,none,KEEP,No issues found
train,IMG-20230817-WA0084_jpg.rf.fec05fc4aaa36a605917763d00756ed6.jpg,none,KEEP,No issues found
train,IMG-20230817-WA0085_jpg.rf.141b9c9b4889165987e64290a4b6ab82.jpg,none,KEEP,No issues found
train,IMG-20230817-WA0085_jpg.rf.1911f326d0b086e64f92c1a080c9dc24.jpg,none,KEEP,No issues found
train,IMG-20230817-WA0085_jpg.rf.314af0d05e1c0e129b41e5293bca5de4.jpg,none,KEEP,No issues found
train,IMG-20230817-WA0085_jpg.rf.3d1ff1f33dacb3a4c2f8de18026dde27.jpg,none,KEEP,No issues found
train,IMG-20230817-WA0085_jpg.rf.d0a4caa4a2e17d86f9b267b456204d36.jpg,none,KEEP,No issues found
train,IMG-20230817-WA0086_jpg.rf.03d6b67891ef406cb9c273ab338299b1.jpg,none,KEEP,No issues found
train,IMG-20230817-WA0086_jpg.rf.4294b44d46eaf4a161fab28ddb57d041.jpg,none,KEEP,No issues found
train,IMG-20230817-WA0086_jpg.rf.a59c669dafb398e1933e664a4d473010.jpg,none,KEEP,No issues found
train,IMG-20230817-WA0088_jpg.rf.2da5f55ff5e8b072b9efd62f1066ff4a.jpg,none,KEEP,No issues found
train,IMG-20230817-WA0088_jpg.rf.3056ea70f94b731aacd1eb6a67784668.jpg,none,KEEP,No issues found
train,IMG-20230817-WA0088_jpg.rf.5675579d5c5b704595a1bb78d96746ad.jpg,none,KEEP,No issues found
train,IMG-20230817-WA0088_jpg.rf.6f3c4b9b8607e8758b33c63d09c9f726.jpg,none,KEEP,No issues found
train,IMG-20230817-WA0088_jpg.rf.83b7cd7e5385da7f0450460a0b031edd.jpg,none,KEEP,No issues found
train,IMG-20230817-WA0089_jpg.rf.0752a7bfac00b60e926a457cb06367eb.jpg,none,KEEP,No issues found
train,IMG-20230817-WA0089_jpg.rf.f6cbfc50bad9e4cca419f6850f65c86e.jpg,none,KEEP,No issues found
train,IMG-20230817-WA0090_jpg.rf.9bc29a8dfef06a9de9f146dc6e7af742.jpg,none,KEEP,No issues found
train,IMG-20230817-WA0092_jpg.rf.393691a2a845edf3955863c03124c3e3.jpg,none,KEEP,No issues found
train,IMG-20230817-WA0092_jpg.rf.8d64e9eedf5ddace1c4ebaffff554747.jpg,none,KEEP,No issues found
train,IMG-20230817-WA0092_jpg.rf.a30eda9460b6cc86d053e24649ade8f5.jpg,none,KEEP,No issues found
train,IMG-20230818-WA0044_jpg.rf.b8258942e3304a775f9014672247c5b3.jpg,none,KEEP,No issues found
train,IMG-20230818-WA0044_jpg.rf.bfa6c5d0c608bec6eef3c223b62f5731.jpg,none,KEEP,No issues found
train,IMG-20230818-WA0045_jpg.rf.beb9ae01116ad9f5fbe02506dad824d0.jpg,none,KEEP,No issues found
train,IMG-20230818-WA0046_jpg.rf.633f497119b2abf2d0ce6d1ef654c201.jpg,none,KEEP,No issues found
train,IMG-20230818-WA0046_jpg.rf.6d3093d532a7aed089e70671a85cfffc.jpg,none,KEEP,No issues found
train,IMG-20230818-WA0046_jpg.rf.77df0e5ba2598688c6b92912b0ba5382.jpg,none,KEEP,No issues found
train,IMG-20230818-WA0047_jpg.rf.05bbb6f48cf39e9b4edd0ce49eef3aae.jpg,none,KEEP,No issues found
train,IMG-20230818-WA0047_jpg.rf.6dc6e0e8dbd8e0a8246d36e955796b69.jpg,none,KEEP,No issues found
train,IMG-20230818-WA0047_jpg.rf.7201a24da8624c0634331e7baf641d43.jpg,none,KEEP,No issues found
train,IMG-20230818-WA0047_jpg.rf.9ae0bd523a546de593a49969802c7a30.jpg,none,KEEP,No issues found
train,IMG-20230818-WA0047_jpg.rf.a4f23fdec3580f602ba430098ea0dc2d.jpg,none,KEEP,No issues found
train,IMG-20230818-WA0047_jpg.rf.a9e48987d51df7c7d9d3328d5f174460.jpg,none,KEEP,No issues found
train,IMG-20230818-WA0047_jpg.rf.e9e6592e9a02db27f88afd4b0f334bff.jpg,none,KEEP,No issues found
train,IMG-20230818-WA0048_jpg.rf.036062355aeb9de12ca737f7bea816bd.jpg,none,KEEP,No issues found
train,IMG-20230818-WA0048_jpg.rf.100a36cfb218cf3d09101c8e2fe30f36.jpg,none,KEEP,No issues found
train,IMG-20230818-WA0048_jpg.rf.12cb3658dc8ba801648d6edea9c826a9.jpg,none,KEEP,No issues found
train,IMG-20230818-WA0048_jpg.rf.26361065dcb29ebfc07b01e1fec1481d.jpg,none,KEEP,No issues found
train,IMG-20230818-WA0048_jpg.rf.a0d08efd22afc8bbea50738a9b38a5d5.jpg,none,KEEP,No issues found
train,IMG-20230818-WA0048_jpg.rf.c0e8a55deb39be398a66007497f5cd74.jpg,none,KEEP,No issues found
train,IMG-20230818-WA0048_jpg.rf.c8cd0cc072679a7c12786b6f61f8d8cb.jpg,none,KEEP,No issues found
train,IMG-20230818-WA0048_jpg.rf.ed38be1191a7958b2767256cdd9d15f4.jpg,none,KEEP,No issues found
train,IMG-20230818-WA0048_jpg.rf.f16e304732848c2379efc73ad387d748.jpg,none,KEEP,No issues found
train,IMG-20230818-WA0050_jpg.rf.04caab465119aa010a0ff89fb630f1f3.jpg,none,KEEP,No issues found
train,IMG-20230818-WA0052_jpg.rf.6154895f47c4737016601314e2d27a87.jpg,none,KEEP,No issues found
train,IMG-20230818-WA0052_jpg.rf.71302e94d83b5e423ff7eb9f8aa7e51b.jpg,none,KEEP,No issues found
train,IMG-20230818-WA0052_jpg.rf.a8002eb90cfcf181689466ccb77eadc5.jpg,none,KEEP,No issues found
train,IMG-20230818-WA0052_jpg.rf.b32dd5e269c885fd00e193226e917157.jpg,none,KEEP,No issues found
train,IMG-20230818-WA0052_jpg.rf.cda8eb315d09d1a0bc58077e644e31e0.jpg,none,KEEP,No issues found
train,IMG-20230818-WA0052_jpg.rf.e11a4f7aeccb76db4e6a19d746dc27e4.jpg,none,KEEP,No issues found
train,IMG-20230818-WA0052_jpg.rf.f6522cc5a15a141e7c2f379b5d9e13eb.jpg,none,KEEP,No issues found
train,IMG-20230818-WA0053_jpg.rf.10dc634c41071083e14a6c61477ec322.jpg,none,KEEP,No issues found
train,IMG-20230818-WA0053_jpg.rf.11fe863aa3be4e6f6a866bc6485ef0ee.jpg,none,KEEP,No issues found
train,IMG-20230818-WA0053_jpg.rf.3b757597da407fd65456f19d54dad163.jpg,none,KEEP,No issues found
train,IMG-20230818-WA0053_jpg.rf.ad07ecaff47a843d2c5c32e720fc683c.jpg,none,KEEP,No issues found
train,IMG-20230818-WA0053_jpg.rf.d392e3d2a08489ca4453b420249c6319.jpg,none,KEEP,No issues found
train,IMG-20230818-WA0054_jpg.rf.66c6cfbc214a74a24ae9aa363af7e0ee.jpg,none,KEEP,No issues found
train,IMG-20230818-WA0054_jpg.rf.a4ec8a97d32e4e29c132adccc030d8f3.jpg,none,KEEP,No issues found
train,IMG-20230818-WA0054_jpg.rf.a56c86ab9118a270b660fe8d68ed2559.jpg,none,KEEP,No issues found
train,IMG-20230818-WA0057_jpg.rf.4f94884bf81faa524077e8a1a3fc89c3.jpg,none,KEEP,No issues found
train,IMG-20230818-WA0057_jpg.rf.aee099a1d0f9e8e476908bbe4431d0d6.jpg,none,KEEP,No issues found
train,IMG-20230818-WA0058_jpg.rf.c05efef7fafe9b7b93310f6b7a03544d.jpg,none,KEEP,No issues found
train,IMG-20230818-WA0058_jpg.rf.c3615cfa85169c7a2653e599f84a72a5.jpg,none,KEEP,No issues found
train,IMG-20230818-WA0059_jpg.rf.051c20e51129555bca376bdac1368ac4.jpg,none,KEEP,No issues found
train,IMG-20230818-WA0059_jpg.rf.173ade944dde06fabb80169cd8ccec33.jpg,none,KEEP,No issues found
train,IMG-20230818-WA0059_jpg.rf.ddbe8a9f2f86731f55c6400c8f988f60.jpg,none,KEEP,No issues found
train,IMG-20230818-WA0059_jpg.rf.e558400999b06b8e48a258816ebc4964.jpg,none,KEEP,No issues found
train,IMG-20230818-WA0059_jpg.rf.ec6243e71a69135135d52a52f5654a22.jpg,none,KEEP,No issues found
train,IMG-20230818-WA0060_jpg.rf.0e94e85d30f9f5ed8e8a718c957154c9.jpg,none,KEEP,No issues found
train,IMG-20230818-WA0060_jpg.rf.32df36a3ccddefb3a0d6abcc4b05f9fc.jpg,none,KEEP,No issues found
train,IMG-20230818-WA0060_jpg.rf.3acb86d305279152756e89271acf0198.jpg,none,KEEP,No issues found
train,IMG-20230818-WA0060_jpg.rf.43bbe314e979e93b31df456a6060d1c1.jpg,none,KEEP,No issues found
train,IMG-20230818-WA0060_jpg.rf.4b135929fb9f9643e78a2f3986e6af89.jpg,none,KEEP,No issues found
train,IMG-20230818-WA0060_jpg.rf.f1484ffca0ba06c3421f94a64a6f9355.jpg,none,KEEP,No issues found
train,IMG-20230818-WA0061_jpg.rf.62f4887d0572861a4e32a3bbae89ddf0.jpg,none,KEEP,No issues found
train,IMG-20230818-WA0061_jpg.rf.91b824f02522ec8b11603f503f29d93e.jpg,none,KEEP,No issues found
train,IMG-20230818-WA0061_jpg.rf.d9719c6cbc1f672f34771cf63896230a.jpg,none,KEEP,No issues found
train,IMG-20230818-WA0064_jpg.rf.9c76c9a3a973345cc32610ed0d820a30.jpg,none,KEEP,No issues found
train,IMG-20230818-WA0065_jpg.rf.912729dbe054f52995d9220eae8cdea0.jpg,none,KEEP,No issues found
train,IMG-20230818-WA0065_jpg.rf.b1cbb4d65877bbf530e7b09bf569ae7f.jpg,none,KEEP,No issues found
train,IMG-20230818-WA0065_jpg.rf.b558967e478c8d19473eb0d5e0757d48.jpg,none,KEEP,No issues found
train,IMG-20230818-WA0065_jpg.rf.e97020dda77a4e175e381c97606cde8b.jpg,none,KEEP,No issues found
train,IMG-20230818-WA0066_jpg.rf.155658c757f43a88ecd646f62aded6c4.jpg,none,KEEP,No issues found
train,IMG-20230818-WA0066_jpg.rf.68082d1e0d6cee95d5479f498d7b2a45.jpg,none,KEEP,No issues found
train,IMG-20230818-WA0066_jpg.rf.877adbbcaa24446ed1db433f19be331d.jpg,none,KEEP,No issues found
train,IMG-20230818-WA0066_jpg.rf.90b8d25872325e922e80086a2a31b554.jpg,none,KEEP,No issues found
train,IMG-20230818-WA0066_jpg.rf.bb566aea01e7c4240c7afb970f7c21ec.jpg,none,KEEP,No issues found
train,IMG-20230818-WA0067_jpg.rf.60e657b7f9d8e865efb9c4a311af22f7.jpg,none,KEEP,No issues found
train,IMG-20230818-WA0067_jpg.rf.e8adddde0dc2eddc0c7519ececc22d67.jpg,none,KEEP,No issues found
train,IMG-20230818-WA0068_jpg.rf.2f2a3f900f47abc5fae2dc4d96541a6b.jpg,none,KEEP,No issues found
train,IMG-20230818-WA0068_jpg.rf.9248d881bce766651c498e677cf577be.jpg,none,KEEP,No issues found
train,IMG-20230818-WA0068_jpg.rf.957019ae08de1966fa204cb7f0488e40.jpg,none,KEEP,No issues found
train,IMG-20230818-WA0068_jpg.rf.b190df66cf51f69851b2f053feeab149.jpg,none,KEEP,No issues found
train,IMG-20230818-WA0069_jpg.rf.57854c62eaabde818f4f7e1b7e77310b.jpg,none,KEEP,No issues found
train,IMG-20230818-WA0069_jpg.rf.708ed03259890b9f70fcc9d54a77fc5d.jpg,none,KEEP,No issues found
train,IMG-20230818-WA0072_jpg.rf.f7c17291157fb7dd1c28ff4d99b28bb8.jpg,none,KEEP,No issues found
train,IMG-20230818-WA0073_jpg.rf.083dd20bb792f85a51376dc96a297a10.jpg,none,KEEP,No issues found
train,IMG-20230818-WA0073_jpg.rf.572a3aae76b2d8461bbc641f600fc901.jpg,none,KEEP,No issues found
train,IMG-20230818-WA0073_jpg.rf.8af606a9989ee2c774ba771d1a0d8b8d.jpg,none,KEEP,No issues found
train,IMG-20230818-WA0073_jpg.rf.fb732c6853f0106ac89cfa20638f4f61.jpg,none,KEEP,No issues found
train,IMG-20230818-WA0075_jpg.rf.0f477a847b666b94631de834745d1513.jpg,none,KEEP,No issues found
train,IMG-20230818-WA0075_jpg.rf.2cc908672aa948abb618c699e60f2f70.jpg,none,KEEP,No issues found
train,IMG-20230818-WA0075_jpg.rf.36fd1990a1b2062833d295f1bcce301d.jpg,none,KEEP,No issues found
train,IMG-20230818-WA0075_jpg.rf.47ea281c0b8b399ec6c9da7c5b6aa646.jpg,none,KEEP,No issues found
train,IMG-20230818-WA0075_jpg.rf.d074b7793d9e26d8e3d2057464dfd040.jpg,none,KEEP,No issues found
train,IMG-20230818-WA0077_jpg.rf.1505eebe8958610960f3d45377d6821f.jpg,none,KEEP,No issues found
train,IMG-20230818-WA0077_jpg.rf.411f2269349d01c0236281aa15833188.jpg,none,KEEP,No issues found
train,IMG-20230818-WA0077_jpg.rf.5e338fbb31e9059dca49b7441792e1a2.jpg,none,KEEP,No issues found
train,IMG-20230818-WA0079_jpg.rf.66c2594a852dde854a7dca840d2c9b37.jpg,none,KEEP,No issues found
train,IMG-20230818-WA0079_jpg.rf.d5852d3ccb8d342b20a5292011b3de56.jpg,none,KEEP,No issues found
train,IMG-20230818-WA0079_jpg.rf.e551187abdce77b56595d63378e5157c.jpg,none,KEEP,No issues found
train,IMG-20230818-WA0079_jpg.rf.fc8a4486b5cc1a09e77777152d96bb7a.jpg,none,KEEP,No issues found
train,IMG-20230818-WA0080_jpg.rf.1277952f4bfd57eba8fb7ffd8e50535b.jpg,none,KEEP,No issues found
train,IMG-20230818-WA0080_jpg.rf.293bfe494c32c443d9a1c9c85eeb3bf1.jpg,none,KEEP,No issues found
train,IMG-20230818-WA0080_jpg.rf.3fac6fff7bed2d22eef0f290e04bb9c2.jpg,none,KEEP,No issues found
train,IMG-20230818-WA0080_jpg.rf.46cba26626fa309d61e1aac3bc8bb5c9.jpg,none,KEEP,No issues found
train,IMG-20230818-WA0080_jpg.rf.b943a4b066ba615aa2245f0a72295539.jpg,none,KEEP,No issues found
train,IMG-20230818-WA0080_jpg.rf.b949b369ca86c9f451bd2effbce4cc3c.jpg,none,KEEP,No issues found
train,IMG-20230818-WA0081_jpg.rf.140652fc3daf2e3d5a7205379c533d5f.jpg,none,KEEP,No issues found
train,IMG-20230818-WA0082_jpg.rf.03d60a2122182ac73f6b43efe4442824.jpg,none,KEEP,No issues found
train,IMG-20230818-WA0082_jpg.rf.ead52151f24701904b5d93f73072ce20.jpg,none,KEEP,No issues found
train,IMG-20230818-WA0083_jpg.rf.3830980460be2982e6b0470fd025b1e9.jpg,none,KEEP,No issues found
train,IMG-20230818-WA0083_jpg.rf.4ac3de6964a5ff683341f1e7bb11e9e3.jpg,none,KEEP,No issues found
train,IMG-20230818-WA0085_jpg.rf.48d42f0c7c1cdc255bb97aa9f51b7d0f.jpg,none,KEEP,No issues found
train,IMG-20230818-WA0085_jpg.rf.60eeac5e41b99a3824fb202d71620958.jpg,none,KEEP,No issues found
train,IMG-20230818-WA0085_jpg.rf.a61e3a4e8e1807928ef06c1d312f57bc.jpg,none,KEEP,No issues found
train,IMG-20230818-WA0085_jpg.rf.edd280edb52d869b41732c79537ba45a.jpg,none,KEEP,No issues found
train,IMG-20230818-WA0088_jpg.rf.9c09beca7c3be0183de46611d0476fbe.jpg,none,KEEP,No issues found
train,IMG-20230818-WA0089_jpg.rf.08d7b2836098aa56758919f934bf418d.jpg,none,KEEP,No issues found
train,IMG-20230818-WA0089_jpg.rf.5e97ba9cc2001e46a89c18419b5ce348.jpg,none,KEEP,No issues found
train,IMG-20230818-WA0089_jpg.rf.a2b0be944d80c7cae98967a724234bd5.jpg,none,KEEP,No issues found
train,IMG-20230818-WA0089_jpg.rf.b9fd4f2854cf0d925590f9782d885b1d.jpg,none,KEEP,No issues found
train,IMG-20230818-WA0089_jpg.rf.d1390006596f32a398af26a2693f165b.jpg,none,KEEP,No issues found
train,IMG-20230818-WA0089_jpg.rf.f3b87d1e8140ebaf8e9e177a3d075353.jpg,none,KEEP,No issues found
train,IMG-20230818-WA0091_jpg.rf.2797ccc31328001a649dd375d330e480.jpg,none,KEEP,No issues found
train,IMG-20230818-WA0091_jpg.rf.a65718a0c7e8d2d3711913504de60b9c.jpg,none,KEEP,No issues found
train,IMG-20230818-WA0093_jpg.rf.1c9e41f4ba16542e4b883cc8179dea6c.jpg,none,KEEP,No issues found
train,IMG-20230818-WA0093_jpg.rf.1eac324b5590c1da573bd40506175c70.jpg,none,KEEP,No issues found
train,IMG-20230818-WA0093_jpg.rf.27c1708cec2041cd8333b33886f6cd9f.jpg,none,KEEP,No issues found
train,IMG-20230818-WA0093_jpg.rf.8a206c07108f4da4629bdfd154caba0e.jpg,none,KEEP,No issues found
train,IMG-20230818-WA0093_jpg.rf.be1bb02f115d3f353c76387c353419de.jpg,none,KEEP,No issues found
train,IMG-20230818-WA0094_jpg.rf.35c922611fce9a79c9b83e04bee622d0.jpg,none,KEEP,No issues found
train,IMG-20230818-WA0094_jpg.rf.75ae94035bc31fb89705239bc4a52cbb.jpg,none,KEEP,No issues found
train,IMG-20230818-WA0096_jpg.rf.03467c7aa8b35bd89a22678f1fab2f6a.jpg,none,KEEP,No issues found
train,IMG-20230818-WA0096_jpg.rf.3f65bb84eb91d14aaa03b391b8f7c14a.jpg,none,KEEP,No issues found
train,IMG-20230818-WA0096_jpg.rf.6ef5457915282f2728490ca78aa9add4.jpg,none,KEEP,No issues found
train,IMG-20230818-WA0096_jpg.rf.9b8ae173c860d8ac48336ee932636316.jpg,none,KEEP,No issues found
train,IMG-20230818-WA0096_jpg.rf.a298c7f34faac4a8d77c3ff7d8a0146b.jpg,none,KEEP,No issues found
train,IMG-20230818-WA0096_jpg.rf.c8a0d4698400739c787b7a95acc3d18c.jpg,none,KEEP,No issues found
train,IMG-20230818-WA0102_jpg.rf.ab4d9afccf398cb8fd05346bae423194.jpg,none,KEEP,No issues found
train,IMG-20230818-WA0102_jpg.rf.e1e8a5e8de4e8bfc7999c11873945fea.jpg,none,KEEP,No issues found
train,IMG-20230818-WA0103_jpg.rf.34411f892c127a683f36e231706144aa.jpg,none,KEEP,No issues found
train,IMG-20230818-WA0103_jpg.rf.4eab79e5f4dc985b2254e272ba545bcc.jpg,none,KEEP,No issues found
train,IMG-20230818-WA0105_jpg.rf.040ed9a0275ad9a52c16414bc48d4aec.jpg,none,KEEP,No issues found
train,IMG-20230818-WA0105_jpg.rf.78892b68ba3e943e9369b30b6b283790.jpg,none,KEEP,No issues found
train,IMG-20230818-WA0105_jpg.rf.b765cf69de30768410613ebc3d3a202d.jpg,none,KEEP,No issues found
train,IMG-20230818-WA0105_jpg.rf.da067ddfa6564e9abeae094334be33c3.jpg,none,KEEP,No issues found
train,IMG-20230818-WA0105_jpg.rf.fcf576aab1f8f55c10a0dab2a84ff39f.jpg,none,KEEP,No issues found
train,IMG-20230818-WA0107_jpg.rf.c581138238e95e8d998383c36ec3bda0.jpg,none,KEEP,No issues found
train,IMG-20230831-WA0000_jpg.rf.ff2440b29dacaba4da44a68a9b567e62.jpg,none,KEEP,No issues found
train,IMG-20230906-WA0016_jpg.rf.b5f8875e4a1eed51c4a3c493e3761837.jpg,none,KEEP,No issues found
train,IMG-20230906-WA0016_jpg.rf.ccb3e786b33ace620dc91996f4d98b6b.jpg,none,KEEP,No issues found
train,IMG-20230906-WA0054_jpg.rf.eab99be9b3e1cc7dc92f48336e77213c.jpg,none,KEEP,No issues found
train,IMG-20230906-WA0054_jpg.rf.eb298cd54fc901ab116880d848c3559b.jpg,none,KEEP,No issues found
train,IMG-20230906-WA0056_jpg.rf.3794d0f1528d0a7126f0f8b8ccb095e0.jpg,none,KEEP,No issues found
train,IMG-20230906-WA0056_jpg.rf.896f9f31321b59b548fd75f409da2b94.jpg,none,KEEP,No issues found
train,IMG-20230906-WA0056_jpg.rf.b9faa204dfdd0ec0aa85275315df295b.jpg,none,KEEP,No issues found
train,IMG-20230906-WA0056_jpg.rf.ea7bc0c26192908a93e811fc2779f65b.jpg,none,KEEP,No issues found
train,IMG-20230906-WA0067_jpg.rf.12eec65731a899747ddea5f1edc2a46a.jpg,none,KEEP,No issues found
train,IMG-20230906-WA0067_jpg.rf.49890e52ad74a13b4e6dd939c452d1a0.jpg,none,KEEP,No issues found
train,IMG-20230906-WA0067_jpg.rf.d9740c032cf386255cb52ab7bf4219c3.jpg,none,KEEP,No issues found
train,IMG-20230906-WA0068_jpg.rf.0c4691025c29290b9f6572d0794e89d1.jpg,none,KEEP,No issues found
train,IMG-20230906-WA0068_jpg.rf.7ecad74f2e21aad914a3db87429bffa3.jpg,none,KEEP,No issues found
train,IMG-20230906-WA0068_jpg.rf.8570aa92f0c481ebd486375395365300.jpg,none,KEEP,No issues found
train,IMG-20230906-WA0068_jpg.rf.a8d94e3e27f85418c247b6d0f84b8ce9.jpg,none,KEEP,No issues found
train,IMG-20230906-WA0068_jpg.rf.afe25282af7137091ed79372ba094b4b.jpg,none,KEEP,No issues found
train,IMG-20230906-WA0070_jpg.rf.5c8b703c878ebd21bfffb39d4eac3625.jpg,none,KEEP,No issues found
train,IMG-20230906-WA0070_jpg.rf.cfaf39f7dd5f607e2cb2d03ad5962a50.jpg,none,KEEP,No issues found
train,IMG-20230906-WA0070_jpg.rf.d33f74a1611e49180274d6f370cd6a27.jpg,none,KEEP,No issues found
train,IMG-20230906-WA0070_jpg.rf.ff100c5e2e628779a9cb556d8342d676.jpg,none,KEEP,No issues found
train,IMG-20230906-WA0086_jpg.rf.0af6995e284ed2e10ccc878901535c74.jpg,none,KEEP,No issues found
train,IMG-20230906-WA0086_jpg.rf.2ccbeaa60669493a91ed2282442583d0.jpg,none,KEEP,No issues found
train,IMG-20230906-WA0087_jpg.rf.34e18db9aff24859bbff4ff399548552.jpg,none,KEEP,No issues found
train,IMG-20230906-WA0087_jpg.rf.f225814c7fda1e7e4de179ab67493b70.jpg,none,KEEP,No issues found
train,IMG-20230907-WA0019_jpg.rf.6831f1234110324e8dd5f8bfbbaff6d0.jpg,none,KEEP,No issues found
train,IMG-20230907-WA0019_jpg.rf.786ee5c77078102977b6ab5b02cea49d.jpg,none,KEEP,No issues found
train,IMG-20230907-WA0019_jpg.rf.c8339eaca1188a3426af8b884fea1f16.jpg,none,KEEP,No issues found
train,IMG-20230907-WA0019_jpg.rf.d6e78c36020701984fd811c6cbc6dad9.jpg,none,KEEP,No issues found
train,IMG-20230907-WA0028_jpg.rf.30ea01a384cb25e28c755154eae48b6d.jpg,none,KEEP,No issues found
train,IMG-20230907-WA0028_jpg.rf.4ca25c9525b0fecfc432af8b753fee4d.jpg,none,KEEP,No issues found
train,IMG-20230907-WA0028_jpg.rf.d2b769889a278ee3edf9d1b5605c708b.jpg,none,KEEP,No issues found
train,IMG-20230907-WA0038_jpg.rf.0a68f4631e47ba648cfc26d3e4618405.jpg,none,KEEP,No issues found
train,IMG-20230907-WA0038_jpg.rf.73fde89f44e473392f782275f8431b4b.jpg,none,KEEP,No issues found
train,IMG-20230907-WA0041_jpg.rf.3708bb3a1062bec1b12bfb4308ba6cd2.jpg,none,KEEP,No issues found
train,IMG-20230907-WA0041_jpg.rf.4c88f25dc0cc916f8cddcad68667606c.jpg,none,KEEP,No issues found
train,IMG-20230907-WA0041_jpg.rf.826f339c3177879b689ef5d533b80910.jpg,none,KEEP,No issues found
train,IMG-20230907-WA0041_jpg.rf.ae3439072de7a93f6565b026b243d287.jpg,none,KEEP,No issues found
train,IMG-20230907-WA0045_jpg.rf.12007fc1709e06d5103f56217985650c.jpg,none,KEEP,No issues found
train,IMG-20230907-WA0045_jpg.rf.1cc5bb97a1f6d597dad9c360f4756f49.jpg,none,KEEP,No issues found
train,IMG-20230907-WA0045_jpg.rf.c9ce069dad2126f7eac422401ac179b8.jpg,none,KEEP,No issues found
train,IMG-20230907-WA0045_jpg.rf.f397112cc3cb74658cca6a2a7717b05d.jpg,none,KEEP,No issues found
train,IMG-20230907-WA0049_jpg.rf.55307ebe59366dada13fb5f067c1e032.jpg,none,KEEP,No issues found
train,IMG-20230907-WA0049_jpg.rf.79b759c39824b42f45ceea6f6e765af4.jpg,none,KEEP,No issues found
train,IMG-20230907-WA0049_jpg.rf.b304719a88f0b6dcad5a963dae3f047c.jpg,none,KEEP,No issues found
train,IMG-20230908-WA0113_jpg.rf.199d20dfecc4d194891921396afee0bf.jpg,none,KEEP,No issues found
train,IMG-20230908-WA0113_jpg.rf.ce835b5a3ded5e9075699836f997447e.jpg,none,KEEP,No issues found
train,IMG-20230908-WA0113_jpg.rf.d5ba60b52aea9d0b845c4f751fbfe582.jpg,none,KEEP,No issues found
train,IMG-20230912-WA0051_jpg.rf.65f9e3e2842d7449b205145394b980ff.jpg,none,KEEP,No issues found
train,IMG-20230914-WA0026_jpg.rf.85fb06d4b117a4504dcde24f9bfdcc3c.jpg,none,KEEP,No issues found
train,IMG-20230914-WA0037_jpg.rf.1f323a899ee835f0464df8e122a5e27c.jpg,none,KEEP,No issues found
train,IMG-20230914-WA0037_jpg.rf.d006e3ba6c9aa0dd1d443bd88c9e83f5.jpg,none,KEEP,No issues found
train,IMG-20230914-WA0048_jpg.rf.155b725b539b3513685cfea031fcf795.jpg,none,KEEP,No issues found
train,IMG-20230914-WA0048_jpg.rf.3ec1c8befc280aa8868fda6328eba082.jpg,none,KEEP,No issues found
train,IMG-20230914-WA0048_jpg.rf.84a1b3d304d2020d1e89c40e16a8a207.jpg,none,KEEP,No issues found
train,IMG-20230914-WA0051_jpg.rf.4311f269aadaaca29ce21ce0132fd872.jpg,none,KEEP,No issues found
train,IMG-20230914-WA0051_jpg.rf.5989d6d76286b8889379e2b0096d8564.jpg,none,KEEP,No issues found
train,IMG-20230914-WA0051_jpg.rf.876b52791d00fc5e115772ea054a289a.jpg,none,KEEP,No issues found
train,IMG-20230914-WA0051_jpg.rf.ded11442c6aaa97f47a79a508d0172c7.jpg,none,KEEP,No issues found
train,IMG-20230914-WA0063_jpg.rf.0dca80fa19ceed753838b5a4752ed227.jpg,none,KEEP,No issues found
train,IMG-20230914-WA0063_jpg.rf.2f47c2549f4379d200e4e2e90a55f6f1.jpg,none,KEEP,No issues found
train,IMG-20230914-WA0063_jpg.rf.9c2f04ce628d0ceb8113bbb6040992e8.jpg,none,KEEP,No issues found
train,IMG-20230914-WA0067_jpg.rf.4fb70dfb2e2ecea1c30e703e8a041bf2.jpg,none,KEEP,No issues found
train,IMG-20230914-WA0067_jpg.rf.5cea51f599fea1a2f3ff1054ceae9a88.jpg,none,KEEP,No issues found
train,IMG-20230914-WA0068_jpg.rf.20ceab5f2145f6685565bf4eefc748fe.jpg,none,KEEP,No issues found
train,IMG-20230914-WA0068_jpg.rf.213b1348fb85f2581a6da727b9d1ee33.jpg,none,KEEP,No issues found
train,IMG-20230914-WA0068_jpg.rf.4825d1954b8f829560ce747dfc0d9314.jpg,none,KEEP,No issues found
train,IMG-20230914-WA0068_jpg.rf.732d3b39a70551c638bd14b371737657.jpg,none,KEEP,No issues found
train,IMG-20230914-WA0068_jpg.rf.88993ee89c8470987dabcbb284af6f97.jpg,none,KEEP,No issues found
train,IMG-20230914-WA0068_jpg.rf.89b7ea21663cac8bd865147a0a63d42f.jpg,none,KEEP,No issues found
train,IMG-20230914-WA0069_jpg.rf.8ddf01d41f29fcca986f6bf45481e84a.jpg,none,KEEP,No issues found
train,IMG-20230914-WA0069_jpg.rf.b2c0480155892a7825ce077675af18ee.jpg,none,KEEP,No issues found
train,IMG-20230914-WA0071_jpg.rf.85779d911291f319961c866aa83be063.jpg,none,KEEP,No issues found
train,IMG-20230914-WA0074_jpg.rf.33d119d53fbac008863de9ac437f6904.jpg,none,KEEP,No issues found
train,IMG-20230914-WA0074_jpg.rf.7ce7266ddf9701281f0e931cfdc1c7d8.jpg,none,KEEP,No issues found
train,IMG-20230914-WA0074_jpg.rf.a61c781390d0b30e6465dae37ef19a18.jpg,none,KEEP,No issues found
train,IMG-20230914-WA0081_jpg.rf.de1bcd388a723c87b61d0ce8f56bc97a.jpg,none,KEEP,No issues found
train,IMG-20230914-WA0088_jpg.rf.49c774c5de7a98bbbe88090bc11f037d.jpg,none,KEEP,No issues found
train,IMG-20230914-WA0088_jpg.rf.7dbe78e28258d393ee9842b532d97094.jpg,none,KEEP,No issues found
train,IMG-20230914-WA0088_jpg.rf.fa613cd31f564a0e5ac75224197ed6fe.jpg,none,KEEP,No issues found
train,IMG-20230914-WA0099_jpg.rf.630a5027f1ee314750b29c4524f46bbc.jpg,none,KEEP,No issues found
train,IMG-20230914-WA0099_jpg.rf.6f65371213b33145c523fe592b3d132c.jpg,none,KEEP,No issues found
train,IMG-20230914-WA0099_jpg.rf.bbb8d3dba02264cb58be5ad5c769ce7d.jpg,none,KEEP,No issues found
train,IMG-20230914-WA0108_jpg.rf.856e86ca29bc7a3b5518ed3c1f9e346c.jpg,none,KEEP,No issues found
train,IMG-20230914-WA0108_jpg.rf.9c554809edc89d6879435ee988d41ec2.jpg,none,KEEP,No issues found
train,IMG-20230914-WA0108_jpg.rf.b4af7409b0ffcfce42ef0677d0861369.jpg,none,KEEP,No issues found
train,IMG-20230914-WA0108_jpg.rf.bf5281a069b48cabf8430cda0a70569b.jpg,none,KEEP,No issues found
train,IMG-20230914-WA0108_jpg.rf.cafa680a8932f39a1377ad6bfebfa41a.jpg,none,KEEP,No issues found
train,IMG-20230914-WA0108_jpg.rf.ff55fe8444c72b874308dc1d8526f3c9.jpg,none,KEEP,No issues found
train,IMG-20230915-WA0015_jpg.rf.4aa9bf252c8972ebc03e10222b64bcaf.jpg,none,KEEP,No issues found
train,IMG-20230915-WA0015_jpg.rf.fc604a599d3e2d3107d7dcc5f6b4a3e1.jpg,none,KEEP,No issues found
train,IMG-20230915-WA0017-1-_jpg.rf.19d359961474fb0f1167569f9ba203ab.jpg,none,KEEP,No issues found
train,IMG-20230915-WA0017-1-_jpg.rf.715313efd74c59a3f46783bfb9925db2.jpg,none,KEEP,No issues found
train,IMG-20230915-WA0017_jpg.rf.aff45ac82d8ef5da1a27cb583b839c09.jpg,none,KEEP,No issues found
train,IMG-20230915-WA0017_jpg.rf.b07f9d0c76126670b7f21633c04367a2.jpg,none,KEEP,No issues found
train,IMG-20230915-WA0017_jpg.rf.eb91decc59f3838611c58caa9e34ebfb.jpg,none,KEEP,No issues found
train,IMG-20230915-WA0027-1-_jpg.rf.8cbb578397a3eb22aa623c77cd762c13.jpg,none,KEEP,No issues found
train,IMG-20230915-WA0027_jpg.rf.0c5a068853a1e9331bf091f41509b45a.jpg,none,KEEP,No issues found
train,IMG-20230915-WA0027_jpg.rf.4fa162d3759d609727d99d7b2f3c059b.jpg,none,KEEP,No issues found
train,IMG-20230915-WA0027_jpg.rf.c9cdb132db43d1cec005cdab817afca3.jpg,none,KEEP,No issues found
train,IMG-20230915-WA0038_jpg.rf.9a7ae72e34823b75b3f5576ec66b77f6.jpg,none,KEEP,No issues found
train,IMG-20230915-WA0038_jpg.rf.bf9368aa02848b03e84916571cd8553b.jpg,none,KEEP,No issues found
train,IMG-20230915-WA0040-1-_jpg.rf.9bcf7236c8ccf520119b9ae0c2f6740a.jpg,none,KEEP,No issues found
train,IMG-20230915-WA0040_jpg.rf.09fa8da063492a73f9dd02074dee1d76.jpg,none,KEEP,No issues found
train,IMG-20230915-WA0040_jpg.rf.0db913d929511e44389f07ff6809c220.jpg,none,KEEP,No issues found
train,IMG-20230915-WA0040_jpg.rf.9213ca01fe72521b077489aea1c762cf.jpg,none,KEEP,No issues found
train,IMG-20230915-WA0040_jpg.rf.c3ae57e8c0368186400b2dc35b0be37d.jpg,none,KEEP,No issues found
train,IMG-20230915-WA0040_jpg.rf.d184ee7f13af6d415e5c04a12272cace.jpg,none,KEEP,No issues found
train,IMG-20230915-WA0051_jpg.rf.277280cd90307167456c0bacf5919178.jpg,none,KEEP,No issues found
train,IMG-20230915-WA0051_jpg.rf.a4de5cf6ce77376afed81736400902f0.jpg,none,KEEP,No issues found
train,IMG-20230915-WA0051_jpg.rf.d28bace3a46b48004643e28ccc834433.jpg,none,KEEP,No issues found
train,IMG-20230920-WA0000_jpg.rf.5ab8b7f0e7bdca2855c8170a8eae9925.jpg,none,KEEP,No issues found
train,IMG-20230920-WA0038-1-_jpg.rf.2df0d512590122216188987894e685f2.jpg,none,KEEP,No issues found
train,IMG-20230920-WA0038_jpg.rf.3e3ec79590308cdf2fdb205feecd2133.jpg,none,KEEP,No issues found
train,IMG-20230920-WA0038_jpg.rf.a78b1c96aed99c3e3c587556431217c4.jpg,none,KEEP,No issues found
train,IMG-20230920-WA0038_jpg.rf.c14ecc1b10235eaf1752fa446bc6cacd.jpg,none,KEEP,No issues found
train,IMG-20230920-WA0038_jpg.rf.cb844b72cef0a6f70720ba02c28532d5.jpg,none,KEEP,No issues found
train,IMG-20230920-WA0038_jpg.rf.ffc3ecdaeebd876eb5b548461dd462b0.jpg,none,KEEP,No issues found
train,IMG-20230920-WA0045-1-_jpg.rf.a27ed57d7c0df0b9df569da33affd2ee.jpg,none,KEEP,No issues found
train,IMG-20230920-WA0045_jpg.rf.2bbce8d8b1ba8c5ee6aecebb4170edbc.jpg,none,KEEP,No issues found
train,IMG-20230920-WA0045_jpg.rf.3302474440261d03c5889b00e96a0ab3.jpg,none,KEEP,No issues found
train,IMG-20230920-WA0045_jpg.rf.c5d51f99bcea5806da6e39a415fd3de6.jpg,none,KEEP,No issues found
train,IMG-20230920-WA0045_jpg.rf.fc65ed34205543bfbc603d0a6402b40e.jpg,none,KEEP,No issues found
train,IMG-20230920-WA0052_jpg.rf.1e3ab6f6f311a03f6aa54c0bbccfdecb.jpg,none,KEEP,No issues found
train,IMG-20230920-WA0055-1-_jpg.rf.c1db57b88490034e7f0389f3bce111d8.jpg,none,KEEP,No issues found
train,IMG-20230920-WA0055_jpg.rf.5abf02116409c27453a2792ec0b9e027.jpg,none,KEEP,No issues found
train,IMG-20230920-WA0055_jpg.rf.cd2b6b00d1d1754726f068cb3aa6f3a0.jpg,none,KEEP,No issues found
train,IMG-20230920-WA0055_jpg.rf.d1b3ff47cbc456272737de1b402df293.jpg,none,KEEP,No issues found
train,IMG-20230920-WA0061-1-_jpg.rf.b5ab7d45d3003b6a1042a102bf175228.jpg,none,KEEP,No issues found
train,IMG-20230920-WA0061_jpg.rf.232a3ca226e37e3047ec3f28e6328893.jpg,none,KEEP,No issues found
train,IMG-20230920-WA0063-1-_jpg.rf.b5cb137710b0316ad88ea2b5a963fe17.jpg,none,KEEP,No issues found
train,IMG-20230920-WA0063-1-_jpg.rf.b90fb365148f3752084808150f9145d5.jpg,none,KEEP,No issues found
train,IMG-20230920-WA0063_jpg.rf.4a542fda2e690c482abced917971c6c6.jpg,none,KEEP,No issues found
train,IMG-20230920-WA0063_jpg.rf.911d2446e5e2e57b0c2cf1349d3de21c.jpg,none,KEEP,No issues found
train,IMG-20230920-WA0063_jpg.rf.b4c925e3f1bc73a50aa481a353559f17.jpg,none,KEEP,No issues found
train,IMG-20230920-WA0130-1-_jpg.rf.09861c793dcd7696683f16685837fe93.jpg,none,KEEP,No issues found
train,IMG-20230920-WA0130-1-_jpg.rf.1b02c219bff46289bdc8bbb3ba308355.jpg,none,KEEP,No issues found
train,IMG-20230920-WA0130_jpg.rf.2bdf4d10d991d19c457041cae76182d5.jpg,none,KEEP,No issues found
train,IMG-20230920-WA0130_jpg.rf.2dd6e04b348f0d48ba4401b4ea041301.jpg,none,KEEP,No issues found
train,IMG-20230920-WA0130_jpg.rf.35cdff9213e8f8a278fc5c1488b57c7d.jpg,none,KEEP,No issues found
train,IMG-20230920-WA0130_jpg.rf.4e0fa85fd4d578c10b3e9413424cb966.jpg,none,KEEP,No issues found
train,IMG-20230920-WA0138-1-_jpg.rf.29945ae8770527cd026c0fe7e2ab0c51.jpg,none,KEEP,No issues found
train,IMG-20230920-WA0138_jpg.rf.37dfd571e19810efe108668e0092af7e.jpg,none,KEEP,No issues found
train,IMG-20230920-WA0138_jpg.rf.59857441dedcb90761dc7a1bbaf76672.jpg,none,KEEP,No issues found
train,IMG-20230920-WA0138_jpg.rf.bdb034e0571591faa0c9fd87e522020a.jpg,none,KEEP,No issues found
train,IMG-20230920-WA0138_jpg.rf.d3d06cff1c8db5d48fe7ceb5bafd0f0c.jpg,none,KEEP,No issues found
train,IMG-20230920-WA0139_jpg.rf.4d70aeeb5708ae6a2349a399421c4769.jpg,none,KEEP,No issues found
train,IMG-20230920-WA0142_jpg.rf.052e668848dc485eef12c583331e1e20.jpg,none,KEEP,No issues found
train,IMG-20230920-WA0142_jpg.rf.6e4a2e64c1e0b086de58bda2796cb189.jpg,none,KEEP,No issues found
train,IMG-20230920-WA0142_jpg.rf.6f6ad34fa075115b98ed0d43fe8700d5.jpg,none,KEEP,No issues found
train,IMG-20230920-WA0142_jpg.rf.c4f74ddca3e947a26e1e4a9a2438132e.jpg,none,KEEP,No issues found
train,IMG-20230920-WA0143_jpg.rf.44737284d6ab41a5370287d43766ef29.jpg,none,KEEP,No issues found
train,IMG-20230920-WA0143_jpg.rf.6ad5c21c49c8adabec4daf94b440cb33.jpg,none,KEEP,No issues found
train,IMG-20230920-WA0150_jpg.rf.1e8ea288cdd3e54f50c9d3661d852857.jpg,none,KEEP,No issues found
train,IMG-20230920-WA0150_jpg.rf.bb27690932d4ff35cca1b44ed9026bb8.jpg,none,KEEP,No issues found
train,IMG-20230920-WA0156_jpg.rf.4d7a0e67a39766d09655416733973092.jpg,none,KEEP,No issues found
train,IMG-20230920-WA0156_jpg.rf.69d7a2ea03fbd6dc4873a6766629e0ea.jpg,none,KEEP,No issues found
train,IMG-20230920-WA0156_jpg.rf.a7aee61381e6da47ae7e79ee3cd9248f.jpg,none,KEEP,No issues found
train,IMG-20230920-WA0185_jpg.rf.79e536a7e3e8bab3795a3982e5c6f35a.jpg,none,KEEP,No issues found
train,IMG-20230920-WA0185_jpg.rf.d05a9d9b97c5282b0d183d7baec61177.jpg,none,KEEP,No issues found
train,IMG-20230920-WA0185_jpg.rf.f7595ffc9273ff9d3bb9a3adc55b3d6b.jpg,none,KEEP,No issues found
train,IMG-20230921-WA0034_jpg.rf.069ebff4428a7e706ccbaaa333f46f87.jpg,none,KEEP,No issues found
train,IMG-20230921-WA0042_jpg.rf.48026519c50accf6758e6adb977f4277.jpg,none,KEEP,No issues found
train,IMG-20230921-WA0042_jpg.rf.5f3fc5f35beecc33217d0440cc63efc4.jpg,none,KEEP,No issues found
train,IMG-20230924-WA0030_jpg.rf.9fbbb7ee46d129579d516ca46e735b5e.jpg,none,KEEP,No issues found
train,IMG-20230924-WA0032_jpg.rf.d24603fad2f2d26d45a2c34244d51573.jpg,none,KEEP,No issues found
train,IMG-20230924-WA0036_jpg.rf.897ff3c453c6dd9c7cb8005dc21b01cf.jpg,none,KEEP,No issues found
train,IMG-20230924-WA0036_jpg.rf.a896960559c71d6ec383cd28f8bd1401.jpg,none,KEEP,No issues found
train,IMG-20230924-WA0059_jpg.rf.439f09cb984fb2132e4551b311c455c8.jpg,none,KEEP,No issues found
train,IMG-20230924-WA0059_jpg.rf.903d5ccc73995684ae5abd35ef4dc5b8.jpg,none,KEEP,No issues found
train,IMG-20230924-WA0059_jpg.rf.d89a2f3f8c0afc7d35f99b87bdf723fb.jpg,none,KEEP,No issues found
train,IMG-20230924-WA0059_jpg.rf.f0f6444d74e3c828ea37066a4efd9073.jpg,none,KEEP,No issues found
train,IMG-20230924-WA0065_jpg.rf.2f57004f5d8827b1435d05b14d52ced2.jpg,none,KEEP,No issues found
train,IMG-20230924-WA0065_jpg.rf.88d98e00faeaa1cd3d565f38b73e07b5.jpg,none,KEEP,No issues found
train,IMG-20230924-WA0065_jpg.rf.8a75ade0da7a5909fd529f69960ba10b.jpg,none,KEEP,No issues found
train,IMG-20230924-WA0066_jpg.rf.1e308b22dc8ece8d04245749828b51e9.jpg,none,KEEP,No issues found
train,IMG-20230924-WA0066_jpg.rf.b85c86321d2e187c1758578969523758.jpg,none,KEEP,No issues found
train,IMG-20230924-WA0071_jpg.rf.b0a96bedf83fd961929932c5f2d43006.jpg,none,KEEP,No issues found
train,IMG-20230924-WA0075_jpg.rf.7194fb4c408af3cfc8ab0af4d23766a4.jpg,none,KEEP,No issues found
train,IMG-20230924-WA0075_jpg.rf.c48d2d005ad769f7cfda880a5a0b5b28.jpg,none,KEEP,No issues found
train,IMG-20230926-WA0005_jpg.rf.b4951097bbb2732add465ed4886c489f.jpg,none,KEEP,No issues found
train,IMG-20230926-WA0060_jpg.rf.16c3dbd50aee3da0af6626f9ea01670d.jpg,none,KEEP,No issues found
train,IMG-20230926-WA0060_jpg.rf.45926db65ed815fce42db77fd8d085a7.jpg,none,KEEP,No issues found
train,IMG-20230926-WA0060_jpg.rf.609352cc4825331ce4f06e0a05d6bd76.jpg,none,KEEP,No issues found
train,IMG-20230926-WA0066_jpg.rf.5a24ac54090e4d9470317cf657459618.jpg,none,KEEP,No issues found
train,IMG-20230927-WA0041_jpg.rf.2d31a10c509ccd347a523aa363edd531.jpg,none,KEEP,No issues found
train,IMG-20230927-WA0041_jpg.rf.60126a3ce90d2a31df213c8d22f0ff91.jpg,none,KEEP,No issues found
train,IMG-20230927-WA0041_jpg.rf.dda55d4be27e3af430482defb38cebdc.jpg,none,KEEP,No issues found
train,IMG-20230927-WA0041_jpg.rf.e35dd441b2cf585e2b847514111caf06.jpg,none,KEEP,No issues found
train,IMG-20230927-WA0051_jpg.rf.9e7bb21974a003163dbbb828aaa682a1.jpg,none,KEEP,No issues found
train,IMG-20230927-WA0053_jpg.rf.4c5ddc652c7573adab66638d4824d25e.jpg,none,KEEP,No issues found
train,IMG-20230927-WA0053_jpg.rf.b514bc769cf6e7e22b7f0116fa34e392.jpg,none,KEEP,No issues found
train,IMG-20230927-WA0053_jpg.rf.e3950cb3d08440fa81de64f10503b9e7.jpg,none,KEEP,No issues found
train,IMG-20231002-WA0037_jpg.rf.1de0378b73670f932d4e22a1a1bf98c2.jpg,none,KEEP,No issues found
train,IMG-20231002-WA0037_jpg.rf.5146b766864d0abde8760363a8f2db32.jpg,none,KEEP,No issues found
train,IMG-20231002-WA0037_jpg.rf.92a6dacc7028269643fb622ab6d8ff93.jpg,none,KEEP,No issues found
train,IMG-20231002-WA0038_jpg.rf.161114b10e0bd0aac3185f2647e1fdc3.jpg,none,KEEP,No issues found
train,IMG-20231002-WA0038_jpg.rf.428e3a6be7bb1c630b05fd8f74b06891.jpg,none,KEEP,No issues found
train,IMG-20231002-WA0038_jpg.rf.88e66ba479cbb4841d2689c9740383e2.jpg,none,KEEP,No issues found
train,IMG-20231002-WA0038_jpg.rf.8d41a4a2e2a5b5398712ed4f035a3701.jpg,none,KEEP,No issues found
train,IMG-20231002-WA0038_jpg.rf.c66bc45939cbf964229993e099d1cf40.jpg,none,KEEP,No issues found
train,IMG-20231003-WA0017_jpg.rf.043c281ab982d7e74de952740da223d8.jpg,none,KEEP,No issues found
train,IMG-20231003-WA0017_jpg.rf.641aca5ddcc9e629ae6b58efeda896a6.jpg,none,KEEP,No issues found
train,IMG-20231003-WA0017_jpg.rf.98a9f8e7958cd08c4d363bfeaeb27526.jpg,none,KEEP,No issues found
train,IMG-20231003-WA0026_jpg.rf.541032378a2f17f766eca04e8eff4769.jpg,none,KEEP,No issues found
train,IMG-20231003-WA0026_jpg.rf.d0462c817e9e63e731f7125db6e674ab.jpg,none,KEEP,No issues found
train,IMG-20231003-WA0026_jpg.rf.e6df2694d81963b241838d51fbb852bb.jpg,none,KEEP,No issues found
train,IMG-20231003-WA0028_jpg.rf.8d1730833f54813a02f8d0bff1b7df5e.jpg,none,KEEP,No issues found
train,IMG-20231003-WA0029_jpg.rf.520161973a8757b91bbb490201fc219d.jpg,none,KEEP,No issues found
train,IMG-20231003-WA0029_jpg.rf.c1fa88ddf4289980811a408fef4615b1.jpg,none,KEEP,No issues found
train,IMG-20231003-WA0030_jpg.rf.2e01d2c0dcd48ce5e585330b23862def.jpg,none,KEEP,No issues found
train,IMG-20231003-WA0030_jpg.rf.a7413d8b4ef117c9688436fae3aef8a9.jpg,none,KEEP,No issues found
train,IMG-20231003-WA0033_jpg.rf.0242ed30b0acad8d6f3f216b1548cb15.jpg,none,KEEP,No issues found
train,IMG-20231003-WA0033_jpg.rf.c404e2f3efe46046e47fdcac488ea5e0.jpg,none,KEEP,No issues found
train,IMG-20231003-WA0034_jpg.rf.63e1bbd1d97f46489c40f2847d4d724d.jpg,none,KEEP,No issues found
train,IMG-20231003-WA0034_jpg.rf.a7fc3e6787b136ee27b95956666ce043.jpg,none,KEEP,No issues found
train,IMG-20231003-WA0034_jpg.rf.d25e5ab0821df9a4faa5224c23c45aa7.jpg,none,KEEP,No issues found
train,IMG-20231003-WA0035_jpg.rf.244c16a3c309adf4fd93de4d83efdac1.jpg,none,KEEP,No issues found
train,IMG-20231003-WA0035_jpg.rf.4756a6ab48d805e65713ef605f300bfc.jpg,none,KEEP,No issues found
train,IMG-20231003-WA0035_jpg.rf.69e937546661df287ec654cf1632c701.jpg,none,KEEP,No issues found
train,IMG-20231003-WA0036_jpg.rf.1d080c209d5c3f6cec38636a353ac532.jpg,none,KEEP,No issues found
train,IMG-20231003-WA0036_jpg.rf.b480b7d6593b746bfc0dafea618cfd04.jpg,none,KEEP,No issues found
train,IMG-20231003-WA0036_jpg.rf.b92a1c8de189660b9c905934d9e46984.jpg,none,KEEP,No issues found
train,IMG-20231003-WA0037_jpg.rf.452239324f8c9cca08ccb6ca9050208b.jpg,none,KEEP,No issues found
train,IMG-20231003-WA0037_jpg.rf.753ffc428eeb3d75b33e3b28fd0a7b08.jpg,none,KEEP,No issues found
train,IMG-20231003-WA0038_jpg.rf.7266917c4e61c25b953152b3150d65e1.jpg,none,KEEP,No issues found
train,IMG-20231003-WA0038_jpg.rf.ad1bb1c3128e587b9c649ea15e29dd50.jpg,none,KEEP,No issues found
train,IMG-20231003-WA0039_jpg.rf.8014e43f3aecfeed02a64e4d322dba8f.jpg,none,KEEP,No issues found
train,IMG-20231003-WA0040_jpg.rf.1157f81f4a27ac10a571b6a8c99913b0.jpg,none,KEEP,No issues found
train,IMG-20231003-WA0042_jpg.rf.17c12afb920f3351b96767c1b4457930.jpg,none,KEEP,No issues found
train,IMG-20231003-WA0042_jpg.rf.3949de0fb70ac509817ce97d93ac3d86.jpg,none,KEEP,No issues found
train,IMG-20231003-WA0043_jpg.rf.16b461a28b0f546a813d9b042b16d1b7.jpg,none,KEEP,No issues found
train,IMG-20231003-WA0043_jpg.rf.6362a9d028d129ff404d2ecb21cdf302.jpg,none,KEEP,No issues found
train,IMG-20231003-WA0043_jpg.rf.72a6c36b4fc309e8b5227e405b465356.jpg,none,KEEP,No issues found
train,IMG-20231003-WA0044_jpg.rf.46edc1f6dcbce4e7245df7219ae1e3de.jpg,none,KEEP,No issues found
train,IMG-20231003-WA0044_jpg.rf.83bd4e7f90e79e0e42c8319f263bed6d.jpg,none,KEEP,No issues found
train,IMG-20231003-WA0045_jpg.rf.26213d3ca7402e1462405db288951c60.jpg,none,KEEP,No issues found
train,IMG-20231003-WA0045_jpg.rf.2ed786877ef20e96be0e303b55c54da5.jpg,none,KEEP,No issues found
train,IMG-20231003-WA0045_jpg.rf.2f3902aa4b44937c67087ae4bd8972bc.jpg,none,KEEP,No issues found
train,IMG-20231003-WA0046_jpg.rf.82acb1b9af96fbccf5cfda65a9ba086c.jpg,none,KEEP,No issues found
train,IMG-20231003-WA0046_jpg.rf.97e08623f928a9da1a62dd358c32d6bb.jpg,none,KEEP,No issues found
train,IMG-20231003-WA0047_jpg.rf.109544e29aee3ee79937708e1da33c77.jpg,none,KEEP,No issues found
train,IMG-20231003-WA0049_jpg.rf.664442fc59cb4a93241ae5e52ce1e4be.jpg,none,KEEP,No issues found
train,IMG-20231003-WA0050_jpg.rf.75c941c161ec36d9a0448c039473f2db.jpg,none,KEEP,No issues found
train,IMG-20231003-WA0052_jpg.rf.04de231456745b5da7146e5cc7c5abbc.jpg,none,KEEP,No issues found
train,IMG-20231003-WA0052_jpg.rf.7b155e75cf3acd3538ffa1cb247b8e44.jpg,none,KEEP,No issues found
train,IMG-20231003-WA0053_jpg.rf.237173bf863ca3bbca48808c8cb63fc2.jpg,none,KEEP,No issues found
train,IMG-20231003-WA0053_jpg.rf.eb719a49d57f26b28f178d808e9b8945.jpg,none,KEEP,No issues found
train,IMG-20231003-WA0055_jpg.rf.1419aa023465be59695ff4b0be5751ca.jpg,none,KEEP,No issues found
train,IMG-20231003-WA0056_jpg.rf.8aaf774e07b0b529d650c2855e2cfffe.jpg,none,KEEP,No issues found
train,IMG-20231006-WA0025_jpg.rf.284a10ea1bd8d4123ed2b3d5480e5ea2.jpg,none,KEEP,No issues found
train,IMG-20231006-WA0027_jpg.rf.f1da591d1455ad196e1a09b1d743582a.jpg,none,KEEP,No issues found
train,IMG-20231006-WA0027_jpg.rf.fee4791ae65e690fe73d660995ebb4eb.jpg,none,KEEP,No issues found
train,IMG-20231006-WA0028_jpg.rf.da7332d589b46f8397d27d148ab7aaaa.jpg,none,KEEP,No issues found
train,IMG-20231006-WA0029_jpg.rf.ff0da3dafcf89a97a6098f1d8c1ef782.jpg,none,KEEP,No issues found
train,IMG-20231006-WA0030_jpg.rf.a14477439b1fe3dae1d11bcd1b0c081e.jpg,none,KEEP,No issues found
train,IMG-20231006-WA0031_jpg.rf.0569a221e74e8f8012d95d338710b95d.jpg,none,KEEP,No issues found
train,IMG-20231006-WA0031_jpg.rf.785a1099dd8fc5aa4eba2393d326b515.jpg,none,KEEP,No issues found
train,IMG-20231006-WA0032_jpg.rf.bb45f48e81ff66a7f7d834cf45661fe9.jpg,none,KEEP,No issues found
train,IMG-20231006-WA0033_jpg.rf.992e2fa1b9ceb6b2227437164ecf1911.jpg,none,KEEP,No issues found
train,IMG-20231006-WA0033_jpg.rf.a2e40d4f137b0b0708c22e7394864d1d.jpg,none,KEEP,No issues found
train,IMG-20231006-WA0034_jpg.rf.45d420af398110a0ad52c6c325af39a8.jpg,none,KEEP,No issues found
train,IMG-20231006-WA0034_jpg.rf.a032d5301dba6f84c92b09e28c6a006c.jpg,none,KEEP,No issues found
train,IMG-20231006-WA0034_jpg.rf.e04fd7345521a5b7944d3026fd03ef54.jpg,none,KEEP,No issues found
train,IMG-20231006-WA0037_jpg.rf.45f0332b6d8ed5de7f083e427b5c823f.jpg,none,KEEP,No issues found
train,IMG-20231006-WA0037_jpg.rf.bc5722d1c45624a1eddf261bafc80b4a.jpg,none,KEEP,No issues found
train,IMG-20231006-WA0038_jpg.rf.a2ae214b88096f7b643dc8e773d1ee03.jpg,none,KEEP,No issues found
train,IMG-20231006-WA0038_jpg.rf.fb327f055ce160d41efde1d238c4a213.jpg,none,KEEP,No issues found
train,IMG-20231006-WA0039_jpg.rf.d65554315ef331bb3576a3b9ab163558.jpg,none,KEEP,No issues found
train,IMG-20231006-WA0040_jpg.rf.1ea77ea0e9bf1c7c74a72ca2c5fb66bb.jpg,none,KEEP,No issues found
train,IMG-20231006-WA0040_jpg.rf.a6b78b4b9710b877c46b11c90e04eb4f.jpg,none,KEEP,No issues found
train,IMG-20231006-WA0042_jpg.rf.5ee2ac9571ffe5cf8aa910f192a328fb.jpg,none,KEEP,No issues found
train,IMG-20231006-WA0043_jpg.rf.b4790e7da39e002239a671542d0ffc30.jpg,none,KEEP,No issues found
train,IMG-20231006-WA0045_jpg.rf.bef6e57e74452011f360404c5beb7685.jpg,none,KEEP,No issues found
train,IMG-20231006-WA0045_jpg.rf.e52571dadc0fb6b0b2afd0711c030b35.jpg,none,KEEP,No issues found
train,IMG-20231006-WA0045_jpg.rf.f346df2a87a1726e9e9068fdf66bec30.jpg,none,KEEP,No issues found
train,IMG-20231006-WA0046_jpg.rf.0cd8eb5dfdaf8a5de003783855bd1838.jpg,none,KEEP,No issues found
train,IMG-20231006-WA0046_jpg.rf.94b6ea5ca1dc868f544c6cc15625ff32.jpg,none,KEEP,No issues found
train,IMG-20231006-WA0046_jpg.rf.cf5d094f504f74957159e7b335db695f.jpg,none,KEEP,No issues found
train,IMG-20231006-WA0047_jpg.rf.765498140816489ebef46a8471e762ac.jpg,none,KEEP,No issues found
train,IMG-20231006-WA0048_jpg.rf.df161eb5adf77afd8d545d8dcce0847c.jpg,none,KEEP,No issues found
train,IMG-20231006-WA0048_jpg.rf.e6763e486a2b92a07f1e4d88a66db12f.jpg,none,KEEP,No issues found
train,IMG-20231006-WA0049_jpg.rf.18b03316fd9c474b2807fafba9145c89.jpg,none,KEEP,No issues found
train,IMG-20231006-WA0049_jpg.rf.43513b7fecf975aa232eb6696c5b0eee.jpg,none,KEEP,No issues found
train,IMG-20231006-WA0049_jpg.rf.c7ede4d6db85ea744daf78982a2156cf.jpg,none,KEEP,No issues found
train,IMG-20231006-WA0050_jpg.rf.6f57aff6631fbdd58c6a84fecaa585cb.jpg,none,KEEP,No issues found
train,IMG-20231006-WA0051_jpg.rf.3fec824fad4c1080f9f8bee0d02fb0f1.jpg,none,KEEP,No issues found
train,IMG-20231006-WA0051_jpg.rf.6fbf89a8e9a32531465f50d4df019df0.jpg,none,KEEP,No issues found
train,IMG-20231006-WA0052_jpg.rf.6e636f91a04da5a271738223585df0ce.jpg,none,KEEP,No issues found
train,IMG-20231006-WA0054_jpg.rf.41bfb7d3443b877047e5888f64acdcb9.jpg,none,KEEP,No issues found
train,IMG-20231006-WA0054_jpg.rf.e5060286a0c1829aa0f82611446710b5.jpg,none,KEEP,No issues found
train,IMG-20231006-WA0055_jpg.rf.19417f62335bc9b3e0a10207183cf205.jpg,none,KEEP,No issues found
train,IMG-20231006-WA0055_jpg.rf.7cc974ff6e5277b1ddad5215514fd981.jpg,none,KEEP,No issues found
train,IMG-20231006-WA0056_jpg.rf.1e08cac9adf877e454a5a6cdbd341780.jpg,none,KEEP,No issues found
train,IMG-20231006-WA0056_jpg.rf.6dd58d68327dc6b8bb9a4ea5fa3d6ee6.jpg,none,KEEP,No issues found
train,IMG-20231006-WA0058_jpg.rf.80e9e660ee5c5ab6d7d7788e71465a8d.jpg,none,KEEP,No issues found
train,IMG-20231006-WA0060_jpg.rf.174b71cad000ebb39c49f7ec7bde20f8.jpg,none,KEEP,No issues found
train,IMG-20231006-WA0060_jpg.rf.f66b23f31f98671c1150877e85074a3e.jpg,none,KEEP,No issues found
train,IMG-20231006-WA0061_jpg.rf.6b4f19a7afab048dc5d04346cfbeb876.jpg,none,KEEP,No issues found
train,IMG-20231006-WA0063_jpg.rf.e414ddea62966a427ef179f7a372d0f5.jpg,none,KEEP,No issues found
train,IMG-20231006-WA0067_jpg.rf.ece611bdd9267dff149617d9a97bb7b9.jpg,none,KEEP,No issues found
train,IMG-20231006-WA0070_jpg.rf.4a12fe89a8dae4d6e188063ea1a3ec7c.jpg,none,KEEP,No issues found
train,IMG-20231006-WA0070_jpg.rf.697fa56a3f3a047104077d15196f4bc9.jpg,none,KEEP,No issues found
train,IMG-20231006-WA0071_jpg.rf.5f7fbfb255720ea1ddaacf425e64cdd3.jpg,none,KEEP,No issues found
train,IMG-20231006-WA0071_jpg.rf.cb45b679ee55d8c646c3b334eda86971.jpg,none,KEEP,No issues found
train,IMG-20231006-WA0072_jpg.rf.c0a6b6426619e1b099304553b9097ea6.jpg,none,KEEP,No issues found
train,IMG-20231006-WA0072_jpg.rf.c36de1e982bde6008e22fb4943b4c327.jpg,none,KEEP,No issues found
train,IMG-20231006-WA0073_jpg.rf.8dc49d394f418f88efe02faadc44b4f6.jpg,none,KEEP,No issues found
train,IMG-20231006-WA0073_jpg.rf.c1e6780006d0b1f8e24131d1509c0578.jpg,none,KEEP,No issues found
train,IMG-20231006-WA0073_jpg.rf.e44cbc9b3f3315bd573aaaaae13efaac.jpg,none,KEEP,No issues found
train,IMG-20231006-WA0074_jpg.rf.1a7b1e48b963d4d4eb320fdbdc9ebb2c.jpg,none,KEEP,No issues found
train,IMG-20231006-WA0074_jpg.rf.2d7859f00a4dfd8412d8a01053d5386f.jpg,none,KEEP,No issues found
train,IMG-20231006-WA0075_jpg.rf.1de6859743916ebd08de0453bff4d8d7.jpg,none,KEEP,No issues found
train,IMG-20231006-WA0075_jpg.rf.b2ab010e3c0110e2be90e932e43610b7.jpg,none,KEEP,No issues found
train,IMG-20231006-WA0076_jpg.rf.7d9b72c9f6d37478de320a9af5e3868c.jpg,none,KEEP,No issues found
train,IMG-20231006-WA0076_jpg.rf.a32f96418dde321f5b1ef9ee35782fc8.jpg,none,KEEP,No issues found
train,IMG-20231006-WA0080_jpg.rf.30c8a19ed3fe8e7e0243a762bc1cb414.jpg,none,KEEP,No issues found
train,IMG-20231006-WA0080_jpg.rf.e51b1734c046e2f920eb8a0f9cb46736.jpg,none,KEEP,No issues found
train,IMG-20231006-WA0081_jpg.rf.30293b585450f74191f5f79e3025c36d.jpg,none,KEEP,No issues found
train,IMG-20231006-WA0081_jpg.rf.cc03bb5665c0836c1fc59d310d27e23b.jpg,none,KEEP,No issues found
train,IMG-20231006-WA0081_jpg.rf.e5cf34b8bd4d01a81dee16d2d5122b33.jpg,none,KEEP,No issues found
train,IMG-20231006-WA0083_jpg.rf.9d51966ce00a7471e13498ba9380a9c6.jpg,none,KEEP,No issues found
train,IMG-20231009-WA0016_jpg.rf.cab26f594edac46cced64c6a79960f55.jpg,none,KEEP,No issues found
train,IMG-20231009-WA0017_jpg.rf.24c459a32eb158aa11c626ee9eb73b77.jpg,none,KEEP,No issues found
train,IMG-20231009-WA0017_jpg.rf.995356ffa0f657109f43820ccd8681f2.jpg,none,KEEP,No issues found
train,IMG-20231009-WA0017_jpg.rf.9bf6d3cbeb083c8af62a12b6993c6480.jpg,none,KEEP,No issues found
train,IMG-20231009-WA0018_jpg.rf.52d504340b44359460ce1ff0b1abc118.jpg,none,KEEP,No issues found
train,IMG-20231009-WA0018_jpg.rf.d599ff8bf8986bd2aa597fbc541ffe14.jpg,none,KEEP,No issues found
train,IMG-20231009-WA0019_jpg.rf.dd67349ebd67e5d42f71ae6885615154.jpg,none,KEEP,No issues found
train,IMG-20231009-WA0029_jpg.rf.9b16050bce65604f0704049a5720e2f1.jpg,none,KEEP,No issues found
train,IMG-20231009-WA0029_jpg.rf.9db2e93b7219956591cd9ec0635ef21e.jpg,none,KEEP,No issues found
train,IMG-20231009-WA0036_jpg.rf.7aef1f7c478605fa866f5e10ef017262.jpg,none,KEEP,No issues found
train,IMG-20231009-WA0036_jpg.rf.9c2b5bab7075e555da54f865aa587fe5.jpg,none,KEEP,No issues found
train,IMG-20231009-WA0036_jpg.rf.bf51079034e390ca6f0d12a25b715287.jpg,none,KEEP,No issues found
train,IMG-20231009-WA0040_jpg.rf.27f8326a0d068facc8449db85f9abdb1.jpg,none,KEEP,No issues found
train,IMG-20231009-WA0040_jpg.rf.6a580648964388fb1324a3824ebe2edb.jpg,none,KEEP,No issues found
train,IMG-20231009-WA0041_jpg.rf.f21cf29d42475a6cbb01496a021b4a4d.jpg,none,KEEP,No issues found
train,IMG-20231009-WA0042_jpg.rf.badaa7b6e6e1142dec741a68f310b1b2.jpg,none,KEEP,No issues found
train,IMG-20231009-WA0044_jpg.rf.5df08e009341925dcfe5685e8784f1f7.jpg,none,KEEP,No issues found
train,IMG-20231009-WA0045_jpg.rf.4fa65f18905d0f1f9c58e7be5c4f1d30.jpg,none,KEEP,No issues found
train,IMG-20231009-WA0045_jpg.rf.5cd012d3d3a7cca9840336ec3dcebe0a.jpg,none,KEEP,No issues found
train,IMG-20231009-WA0047_jpg.rf.511ab8e7083bf48d240e9ed9d2886931.jpg,none,KEEP,No issues found
train,IMG-20231009-WA0047_jpg.rf.55e133a588b7d0bb4c547bd5479367c8.jpg,none,KEEP,No issues found
train,IMG-20231009-WA0047_jpg.rf.b19d389a7cde3772aed61426791dcd69.jpg,none,KEEP,No issues found
train,IMG-20231009-WA0048_jpg.rf.45086b43777be40af343da155626ac63.jpg,none,KEEP,No issues found
train,IMG-20231009-WA0048_jpg.rf.4e14e2f885b26367f1e16a8cb81b5998.jpg,none,KEEP,No issues found
train,IMG-20231009-WA0048_jpg.rf.80daa96d7fe897df35d5bdce96f06f17.jpg,none,KEEP,No issues found
train,IMG-20231009-WA0049_jpg.rf.e64d733d120e98b1a37cd7678aa593e0.jpg,none,KEEP,No issues found
train,IMG-20231009-WA0050_jpg.rf.641d49de1163ad004e6fe16b59e6fd4f.jpg,none,KEEP,No issues found
train,IMG-20231009-WA0050_jpg.rf.955c42bb07f964d2a3c037e3c590d8e2.jpg,none,KEEP,No issues found
train,IMG-20231009-WA0050_jpg.rf.b979357d1e36e7361f94939891628efb.jpg,none,KEEP,No issues found
train,IMG-20231009-WA0051_jpg.rf.0921220af5bd3d7d1cc65b1ac90c830e.jpg,none,KEEP,No issues found
train,IMG-20231009-WA0053_jpg.rf.046fe309756c59d4734197d880ca4bf1.jpg,none,KEEP,No issues found
train,IMG-20231009-WA0053_jpg.rf.a94a66450e9b2785024d0217c94a49e9.jpg,none,KEEP,No issues found
train,IMG-20231009-WA0054_jpg.rf.6142189752ffe6c38888377a177a9477.jpg,none,KEEP,No issues found
train,IMG-20231009-WA0055_jpg.rf.8e8d75827bbcf5c6520008e58241722c.jpg,none,KEEP,No issues found
train,IMG-20231009-WA0067_jpg.rf.5717728b6c0e7edca2850540b73e2e76.jpg,none,KEEP,No issues found
train,IMG-20231009-WA0068_jpg.rf.6a9afc28cc17f7a1264920d76b524fa9.jpg,none,KEEP,No issues found
train,IMG-20231009-WA0068_jpg.rf.b265fbf772183c31f0e4d74107171637.jpg,none,KEEP,No issues found
train,IMG-20231009-WA0070_jpg.rf.00209f2e104f0cdd0100e0864c107e20.jpg,none,KEEP,No issues found
train,IMG-20231009-WA0072_jpg.rf.4bbf7b657f839b40892b52d6b503bcce.jpg,none,KEEP,No issues found
train,IMG-20231009-WA0072_jpg.rf.a2d1dd0a530bf61d98c06665deeee45d.jpg,none,KEEP,No issues found
train,IMG-20231009-WA0074_jpg.rf.04568edf7ba178a71422561643dd2ae4.jpg,none,KEEP,No issues found
train,IMG-20231009-WA0074_jpg.rf.50da1cf67480a4edc0106de312b136e2.jpg,none,KEEP,No issues found
train,IMG-20231009-WA0075_jpg.rf.aa944c445c7bc8c0e5895236b1160ff8.jpg,none,KEEP,No issues found
train,IMG-20231009-WA0075_jpg.rf.ebc9cd667e27a36ea8c60e20d29ec1f8.jpg,none,KEEP,No issues found
train,IMG-20231009-WA0075_jpg.rf.f383b1ac4188e10273eedbe81252f0a4.jpg,none,KEEP,No issues found
train,IMG-20231009-WA0076_jpg.rf.13f67921ca463f85a6794c4114b7d75d.jpg,none,KEEP,No issues found
train,IMG-20231009-WA0076_jpg.rf.56c23f7c7da48ec38c7b58ec0a552dde.jpg,none,KEEP,No issues found
train,IMG-20231009-WA0077_jpg.rf.35d66c01ace8196453e04d68dcbe1293.jpg,none,KEEP,No issues found
train,IMG-20231009-WA0077_jpg.rf.a34f74b0b8838dfce7550a872cd6ee43.jpg,none,KEEP,No issues found
train,IMG-20231009-WA0080_jpg.rf.76e2e7c455c184873bb1469a40b73766.jpg,none,KEEP,No issues found
train,IMG-20231009-WA0081_jpg.rf.8db81f9d29bb6ab16ffe948e1290bf55.jpg,none,KEEP,No issues found
train,IMG-20231009-WA0082_jpg.rf.47364769a59f9d65e1803bfcc51c2497.jpg,none,KEEP,No issues found
train,IMG-20231009-WA0082_jpg.rf.55d25ebdb97aa657fa6f20cbd8e0d52f.jpg,none,KEEP,No issues found
train,IMG-20231009-WA0082_jpg.rf.bba954fcdd7e81c762bd5f8277f64d64.jpg,none,KEEP,No issues found
train,IMG-20231010-WA0025_jpg.rf.c6b698d22dfe7495428af3c1f538f2c8.jpg,none,KEEP,No issues found
train,IMG-20231010-WA0026_jpg.rf.152ea67a4417589081b6760077c74431.jpg,none,KEEP,No issues found
train,IMG-20231010-WA0026_jpg.rf.c5c186b6f0de4309c5273d18a09370b3.jpg,none,KEEP,No issues found
train,IMG-20231010-WA0026_jpg.rf.fe1e49c9f679e351535997a2f21dcff3.jpg,none,KEEP,No issues found
train,IMG-20231010-WA0055_jpg.rf.a9acd23941801cd489995337d991ee06.jpg,none,KEEP,No issues found
train,IMG-20231010-WA0055_jpg.rf.aa34c36dee72035aff97b6b5520712f5.jpg,none,KEEP,No issues found
train,IMG-20231010-WA0055_jpg.rf.b891b5cd5afe7e072db1d03d941fdde9.jpg,none,KEEP,No issues found
train,IMG-20231010-WA0061_jpg.rf.6b10813d92e8bf66af2c77296460e6ba.jpg,none,KEEP,No issues found
train,IMG-20231010-WA0061_jpg.rf.81e13df809d3ab241ff6fa46aa809537.jpg,none,KEEP,No issues found
train,IMG-20231010-WA0064_jpg.rf.2ea74b2f73107c107a693f7e2ff4214b.jpg,none,KEEP,No issues found
train,IMG-20231010-WA0064_jpg.rf.7b9478a101f63e3fa8392e309606cd89.jpg,none,KEEP,No issues found
train,IMG-20231010-WA0066_jpg.rf.09fcda8fe0e2a9c86de2a514f78f9570.jpg,none,KEEP,No issues found
train,IMG-20231010-WA0070_jpg.rf.79c177db28a07f0fefeb56d9d85fb0c0.jpg,none,KEEP,No issues found
train,IMG-20231010-WA0070_jpg.rf.ba4b50fa201c2de913badb738167ce79.jpg,none,KEEP,No issues found
train,IMG-20231010-WA0070_jpg.rf.c0b1ccedcd950c9bad86ce071e054440.jpg,none,KEEP,No issues found
train,IMG-20231010-WA0072_jpg.rf.093885a5724f0d282199c34df6527d22.jpg,none,KEEP,No issues found
train,IMG-20231010-WA0072_jpg.rf.4679c8120dc63237f3fa5da3eb6fc344.jpg,none,KEEP,No issues found
train,IMG-20231010-WA0072_jpg.rf.65f2ec633acb7c84547ff61dc89b4be8.jpg,none,KEEP,No issues found
train,IMG-20231010-WA0073_jpg.rf.602a93c98f8fd3974b82c6a4434a742d.jpg,none,KEEP,No issues found
train,IMG-20231010-WA0073_jpg.rf.cecf2b9aefbd53c8ea619c4b3de6582b.jpg,none,KEEP,No issues found
train,IMG-20231010-WA0075_jpg.rf.c191e01fcfa50dd118fd57c8cf05e106.jpg,none,KEEP,No issues found
train,IMG-20231010-WA0075_jpg.rf.db8114296f29419be7b68ace1e79f06e.jpg,none,KEEP,No issues found
train,IMG-20231010-WA0076_jpg.rf.d7189bb6cd7a12f96657f7a85c613649.jpg,none,KEEP,No issues found
train,IMG-20231010-WA0077_jpg.rf.362ba93cb97340b4fee4eb8df55779dc.jpg,none,KEEP,No issues found
train,IMG-20231010-WA0078_jpg.rf.2c2711a8ede54f9b1f8f8bcf0f42b139.jpg,none,KEEP,No issues found
train,IMG-20231010-WA0078_jpg.rf.764ccb929b0d793fa54ee068aaf2f463.jpg,none,KEEP,No issues found
train,IMG-20231010-WA0079_jpg.rf.4d30cd7a7c54b9b47f2eedd9ec214ef1.jpg,none,KEEP,No issues found
train,IMG-20231010-WA0079_jpg.rf.e5b47c679bd446364f6525bc7991ad0c.jpg,none,KEEP,No issues found
train,IMG-20231010-WA0080_jpg.rf.2f01f32ff14a3fffb3b739493fa15f1c.jpg,none,KEEP,No issues found
train,IMG-20231010-WA0080_jpg.rf.b687835de3a81ddb222461ea7a31bb80.jpg,none,KEEP,No issues found
train,IMG-20231010-WA0080_jpg.rf.bf12e04f64d664b55713314294b2b316.jpg,none,KEEP,No issues found
train,IMG-20231010-WA0081_jpg.rf.1975e598165b174b4d3eed19442ef464.jpg,none,KEEP,No issues found
train,IMG-20231010-WA0082_jpg.rf.28315e681586237f1f6b7087b6aa3bef.jpg,none,KEEP,No issues found
train,IMG-20231010-WA0083_jpg.rf.16fc242191b3ee49c62eb6f7d38860e5.jpg,none,KEEP,No issues found
train,IMG-20231010-WA0083_jpg.rf.215837320e4691a79399fc277795288c.jpg,none,KEEP,No issues found
train,IMG-20231010-WA0083_jpg.rf.bffa3d6a7ab2623d91537be5c885c698.jpg,none,KEEP,No issues found
train,IMG-20231010-WA0085_jpg.rf.0df0550d7732808efc8667dc78f7a630.jpg,none,KEEP,No issues found
train,IMG-20231010-WA0085_jpg.rf.acd1b679b7fe7b44a67d138b1c8e4c8c.jpg,none,KEEP,No issues found
train,IMG-20231010-WA0085_jpg.rf.e27e2f5d0a051c09107f6f74c8e11e01.jpg,none,KEEP,No issues found
train,IMG-20231010-WA0086_jpg.rf.81fec905c8f32673b8bd09d670dc06e6.jpg,none,KEEP,No issues found
train,IMG-20231010-WA0086_jpg.rf.92ad512017334864d6744eaf360cd586.jpg,none,KEEP,No issues found
train,IMG-20231010-WA0086_jpg.rf.cb8f7dc7d86631305597ce77068ef680.jpg,none,KEEP,No issues found
train,IMG-20231010-WA0087_jpg.rf.03d4be39916ec98361742ce367ac0a82.jpg,none,KEEP,No issues found
train,IMG-20231010-WA0087_jpg.rf.4679ec7ffc11842f9247d3fa870075a2.jpg,none,KEEP,No issues found
train,IMG-20231010-WA0087_jpg.rf.534b742aeff6d392b601c922def3457a.jpg,none,KEEP,No issues found
train,IMG-20231010-WA0088_jpg.rf.ee6d402348936dc8ce04f8d21f19d249.jpg,none,KEEP,No issues found
train,IMG-20231010-WA0089_jpg.rf.652d74401a5208a07492b2ba2cc25050.jpg,none,KEEP,No issues found
train,IMG-20231010-WA0089_jpg.rf.d5182a6abaef626fae08112192c9c1a4.jpg,none,KEEP,No issues found
train,IMG-20231010-WA0089_jpg.rf.db0ca3dd3fd0878186ed15e517f6fd8f.jpg,none,KEEP,No issues found
train,IMG-20231010-WA0091_jpg.rf.3a1d71718a1d38951b6d74b0fe1a8c54.jpg,none,KEEP,No issues found
train,IMG-20231010-WA0091_jpg.rf.b8ba3fa97c28f76582bd332351ffc3b0.jpg,none,KEEP,No issues found
train,IMG-20231012-WA0000_jpg.rf.5888fb25a15e5a1e8524cbf39a418e86.jpg,none,KEEP,No issues found
train,IMG-20231012-WA0000_jpg.rf.e880e5feb5e937e25716d66c2667c92b.jpg,none,KEEP,No issues found
train,IMG-20231012-WA0001_jpg.rf.7cd56a7f1e2a070ea09dc8a5a69c7836.jpg,none,KEEP,No issues found
train,IMG-20231012-WA0001_jpg.rf.9c0d3943b849ad5672be0f88c5627277.jpg,none,KEEP,No issues found
train,IMG-20231012-WA0002_jpg.rf.57b70485ebfa8fdd2d2603f6003f965c.jpg,none,KEEP,No issues found
train,IMG-20231012-WA0003_jpg.rf.c64658c6dc0c18e8585a5d44c0d63919.jpg,none,KEEP,No issues found
train,IMG-20231012-WA0021_jpg.rf.6ef85bc0c08f9f534d9e3fef0e2001f3.jpg,none,KEEP,No issues found
train,IMG-20231012-WA0021_jpg.rf.fa045463dea659d0753f60a4a861f09b.jpg,none,KEEP,No issues found
train,IMG-20231012-WA0023_jpg.rf.1d0ecc9351015f3fc5d975683dfefe49.jpg,none,KEEP,No issues found
train,IMG-20231012-WA0024_jpg.rf.308223062277cd2aea39a63df8dc8b56.jpg,none,KEEP,No issues found
train,IMG-20231012-WA0024_jpg.rf.982331fde59bc126cddd913592b7db4f.jpg,none,KEEP,No issues found
train,IMG-20231012-WA0025_jpg.rf.0d75cc14cacc7775e5eb874f37961d86.jpg,none,KEEP,No issues found
train,IMG-20231012-WA0025_jpg.rf.1e4a9d78ac61e4846e2609b7def757f7.jpg,none,KEEP,No issues found
train,IMG-20231012-WA0025_jpg.rf.fa53cfbdc45a340e67bf4ae7f69afc38.jpg,none,KEEP,No issues found
train,IMG-20231012-WA0026_jpg.rf.064014b9f814c158de9b847aab70f9ee.jpg,none,KEEP,No issues found
train,IMG-20231012-WA0026_jpg.rf.a93064c7f193f9df1579b61f600688ac.jpg,none,KEEP,No issues found
train,IMG-20231012-WA0027_jpg.rf.18e0731e096bc00cd96adf2bec4de546.jpg,none,KEEP,No issues found
train,IMG-20231012-WA0027_jpg.rf.6e91a1ecebd393eb704b75b0a3b0064c.jpg,none,KEEP,No issues found
train,IMG-20231012-WA0028_jpg.rf.850171b3ef5acdec47540a19c29e6ac5.jpg,none,KEEP,No issues found
train,IMG-20231012-WA0028_jpg.rf.c0f2b527db8615e6dd4462202d83a869.jpg,none,KEEP,No issues found
train,IMG-20231012-WA0031_jpg.rf.560553deea4075872250ab6c0771ad3d.jpg,none,KEEP,No issues found
train,IMG-20231012-WA0031_jpg.rf.dea6a2350ad66abb393fa4388a66987f.jpg,none,KEEP,No issues found
train,IMG-20231012-WA0032_jpg.rf.72722fe22c89b852fd6ded734f0077c6.jpg,none,KEEP,No issues found
train,IMG-20231012-WA0032_jpg.rf.a2e06056ec425ce0e9e024abd7479a0a.jpg,none,KEEP,No issues found
train,IMG-20231012-WA0033_jpg.rf.5b4501c9a6edbb98373d2da8ab365933.jpg,none,KEEP,No issues found
train,IMG-20231012-WA0033_jpg.rf.dfe615c66feec82cd33bfc04a658daa8.jpg,none,KEEP,No issues found
train,IMG-20231012-WA0034_jpg.rf.a4208773e09e40301b91429c736c659f.jpg,none,KEEP,No issues found
train,IMG-20231012-WA0035_jpg.rf.2956de7abc5336d4f44b85b90c6fe627.jpg,none,KEEP,No issues found
train,IMG-20231012-WA0035_jpg.rf.449c33786a7b143f1052286d6840f96f.jpg,none,KEEP,No issues found
train,IMG-20231012-WA0035_jpg.rf.7808fc4dc8dfba470c60a372dc6f5418.jpg,none,KEEP,No issues found
train,IMG-20231012-WA0036_jpg.rf.2839d6963798429bd6dba360ecd88650.jpg,none,KEEP,No issues found
train,IMG-20231012-WA0039_jpg.rf.127be3d3aff84add45397a8d914861f4.jpg,none,KEEP,No issues found
train,IMG-20231012-WA0040_jpg.rf.456d26f7eff9629b263cb50672da2323.jpg,none,KEEP,No issues found
train,IMG-20231012-WA0040_jpg.rf.94755ecfe15be864071750404999eb9e.jpg,none,KEEP,No issues found
train,IMG-20231012-WA0041_jpg.rf.9998e05fb7cec2ac60b02404a44a71b0.jpg,none,KEEP,No issues found
train,IMG-20231012-WA0042_jpg.rf.7511ba3a167b48cf37f6e7b79d3de32d.jpg,none,KEEP,No issues found
train,IMG-20231012-WA0043_jpg.rf.61ddf79acda3843bed701691cf6fd883.jpg,none,KEEP,No issues found
train,IMG-20231012-WA0044_jpg.rf.1ceec11a74e66cf001dc45510f8138c2.jpg,none,KEEP,No issues found
train,IMG-20231012-WA0044_jpg.rf.36906e0d355178284f8f74657a3f947a.jpg,none,KEEP,No issues found
train,IMG-20231012-WA0044_jpg.rf.3ec7ea74f3b921fa052a0cc67c31ac8a.jpg,none,KEEP,No issues found
train,IMG-20231012-WA0045_jpg.rf.a1c106eda1451d909d4ea5377f440234.jpg,none,KEEP,No issues found
train,IMG-20231012-WA0046_jpg.rf.3a82ba85a2c2ec4460bb74544ce16417.jpg,none,KEEP,No issues found
train,IMG-20231012-WA0046_jpg.rf.59c3e999127354e9a3261fece26678a0.jpg,none,KEEP,No issues found
train,IMG-20231012-WA0047_jpg.rf.4a3d533bf29b39362b81bc8e9286983a.jpg,none,KEEP,No issues found
train,IMG-20231012-WA0048_jpg.rf.89ddae77699f2e72051dbeaccef6df15.jpg,none,KEEP,No issues found
train,IMG-20231012-WA0048_jpg.rf.d989c1d3eac8851c01cdae53939dece1.jpg,none,KEEP,No issues found
train,IMG-20231012-WA0049_jpg.rf.c14f9339c5bd47eee45bb03cbd2375a3.jpg,none,KEEP,No issues found
train,IMG-20231012-WA0050_jpg.rf.8c89644227f5b510e15993c4fe43560e.jpg,none,KEEP,No issues found
train,IMG-20231012-WA0050_jpg.rf.a3a411d8eef7fcb03c93c386602f50ae.jpg,none,KEEP,No issues found
train,IMG-20231012-WA0050_jpg.rf.e6bbab79d5cd4400c36f00600fb9a216.jpg,none,KEEP,No issues found
train,IMG-20231012-WA0051_jpg.rf.bba26de346adb8cae44584df3ed9dd64.jpg,none,KEEP,No issues found
train,IMG-20231012-WA0052_jpg.rf.2aed4a9f92a1e6bf0cd2283ac0e8d5b4.jpg,none,KEEP,No issues found
train,IMG-20231012-WA0065_jpg.rf.38b7abe3ce5308b840042dff6fc3e038.jpg,none,KEEP,No issues found
train,IMG-20231012-WA0065_jpg.rf.4acfe887f9893ff5c29a1dcc6eb9e7e8.jpg,none,KEEP,No issues found
train,IMG-20231012-WA0065_jpg.rf.6c7da9f24740aadb0279b1dfc88dd790.jpg,none,KEEP,No issues found
train,IMG-20231012-WA0066_jpg.rf.2bf0402dff704d7435f48c9778924f98.jpg,none,KEEP,No issues found
train,IMG-20231012-WA0066_jpg.rf.8b6cadeadfc449ad36e640d78617d2c9.jpg,none,KEEP,No issues found
train,IMG-20231012-WA0071_jpg.rf.9cc413884fc33a98c6f17dffba4c007c.jpg,none,KEEP,No issues found
train,IMG-20231012-WA0071_jpg.rf.b5d14547088015116cc0395a72f37ee7.jpg,none,KEEP,No issues found
train,IMG-20231012-WA0073_jpg.rf.5429ad20d40fb0b199cf338896923264.jpg,none,KEEP,No issues found
train,IMG-20231012-WA0074_jpg.rf.6c5b01585a49fa140576c5325dd767ab.jpg,none,KEEP,No issues found
train,IMG-20231012-WA0075_jpg.rf.eda1503c17800956e9f3043295fabbb0.jpg,none,KEEP,No issues found
train,IMG-20231012-WA0075_jpg.rf.f5c76f6cddd6da2b73de1f9cca3ea1c5.jpg,none,KEEP,No issues found
train,IMG-20231012-WA0083_jpg.rf.1dc663f989c8d43bef0154dc9d7bc711.jpg,none,KEEP,No issues found
train,IMG-20231012-WA0084_jpg.rf.0b70126d512cbf9e8bae109077e72a3b.jpg,none,KEEP,No issues found
train,IMG-20231014-WA0003_jpg.rf.0b8e698aa0ac101cdef217a40c42447a.jpg,none,KEEP,No issues found
train,IMG-20231014-WA0003_jpg.rf.70d0d3c9381d195215aceeb69a2a2172.jpg,none,KEEP,No issues found
train,IMG-20231014-WA0003_jpg.rf.89204ad83be287062242181f7e6ef84e.jpg,none,KEEP,No issues found
train,IMG-20231014-WA0004_jpg.rf.3f72deb406864aa86161a6751fe501eb.jpg,none,KEEP,No issues found
train,IMG-20231014-WA0004_jpg.rf.578860a245e0a83d02d26f4e434bf079.jpg,none,KEEP,No issues found
train,IMG-20231014-WA0005_jpg.rf.55288807a7c6f46560d8a2f4853e2ce3.jpg,none,KEEP,No issues found
train,IMG-20231014-WA0005_jpg.rf.b1a282f08ee93bbf5e37cc85e27abad5.jpg,none,KEEP,No issues found
train,IMG-20231014-WA0006_jpg.rf.58e08bf534c6752259e2eb8d921d33bb.jpg,none,KEEP,No issues found
train,IMG-20231014-WA0006_jpg.rf.9c330e99b94c0b6110cacc522e7d14fa.jpg,none,KEEP,No issues found
train,IMG-20231014-WA0006_jpg.rf.c301f3467c1df7f6a302dfd333679eb8.jpg,none,KEEP,No issues found
train,IMG-20231014-WA0007_jpg.rf.5074efc51e6e28b57fd4e36d47ae8219.jpg,none,KEEP,No issues found
train,IMG-20231014-WA0008_jpg.rf.39f7fbdeb8144b62d68aca4a41a2f973.jpg,none,KEEP,No issues found
train,IMG-20231014-WA0008_jpg.rf.62844b45b5e8532fdce6703a3e2bd5e4.jpg,none,KEEP,No issues found
train,IMG-20231014-WA0012_jpg.rf.3b521ebbe18ec970e04690b97d89a131.jpg,none,KEEP,No issues found
train,IMG-20231014-WA0012_jpg.rf.6bfcc0c7bdd6036f40972f26c88fb713.jpg,none,KEEP,No issues found
train,IMG-20231014-WA0013_jpg.rf.1a450c9c8395f0fc50e7253dc0c7b036.jpg,none,KEEP,No issues found
train,IMG-20231014-WA0020_jpg.rf.7fe27a77a9b760411acd30f75e3eb3b4.jpg,none,KEEP,No issues found
train,IMG-20231014-WA0020_jpg.rf.807327adb3fbf796ffe8f0d1a729172b.jpg,none,KEEP,No issues found
train,IMG-20231014-WA0026_jpg.rf.1ddb07757be05011acc2c4cf1d2af554.jpg,none,KEEP,No issues found
train,IMG-20231014-WA0026_jpg.rf.1eff3aee246ab2c55cdc8a297caca8d5.jpg,none,KEEP,No issues found
train,IMG-20231014-WA0026_jpg.rf.ef01ff8fcb7351f4dd1f65d73ca4970d.jpg,none,KEEP,No issues found
train,IMG-20231014-WA0030_jpg.rf.7bdd609ff3debd8007cd5320bede86e5.jpg,none,KEEP,No issues found
train,IMG-20231014-WA0031_jpg.rf.756725bcecdb8d4bf1389f6b5656596f.jpg,none,KEEP,No issues found
train,IMG-20231014-WA0031_jpg.rf.8951205614eb9b2f1d01d6d6dfdf6266.jpg,none,KEEP,No issues found
train,IMG-20231014-WA0033_jpg.rf.35e446d4bf4b7f6783f849e5523d5393.jpg,none,KEEP,No issues found
train,IMG-20231014-WA0033_jpg.rf.4f94bd91a8f237ea2ed5effe6f816923.jpg,none,KEEP,No issues found
train,IMG-20231014-WA0033_jpg.rf.dc089db2ea48261e17ec2c6eeb31d767.jpg,none,KEEP,No issues found
train,IMG-20231014-WA0037_jpg.rf.18d5b1b359fa1db7cdb71630e1b9ac18.jpg,none,KEEP,No issues found
train,IMG-20231014-WA0038_jpg.rf.7028ab513f564f50203bc4808a4959ce.jpg,none,KEEP,No issues found
train,IMG-20231014-WA0038_jpg.rf.da7bc6698f2ae064d3e15abd88ca5e5f.jpg,none,KEEP,No issues found
train,IMG-20231014-WA0039_jpg.rf.587c4648b4ab7d77a0b4fcd22fbf8199.jpg,none,KEEP,No issues found
train,IMG-20231014-WA0039_jpg.rf.9a7ce841b4faaecf2c65f608554da051.jpg,none,KEEP,No issues found
train,IMG-20231014-WA0040_jpg.rf.aee5d9c9ec9e5dcafb9b23ae8c138a73.jpg,none,KEEP,No issues found
train,IMG-20231014-WA0041_jpg.rf.d0e65f95402eff1d6698b983cc73efd5.jpg,none,KEEP,No issues found
train,IMG-20231014-WA0042_jpg.rf.758a7635d09ec1a54de8a4e5726ff73b.jpg,none,KEEP,No issues found
train,IMG-20231014-WA0042_jpg.rf.f38c2595d224cc987fb0068fc5c14ee4.jpg,none,KEEP,No issues found
train,IMG-20231014-WA0046_jpg.rf.1f9ce3dd060360936eb37ae9a0864730.jpg,none,KEEP,No issues found
train,IMG-20231014-WA0046_jpg.rf.873f03236cf82e100c8eb6ee4a7a61ce.jpg,none,KEEP,No issues found
train,IMG-20231014-WA0046_jpg.rf.e01349d746ecc567f33820701c0fbed9.jpg,none,KEEP,No issues found
train,IMG-20231014-WA0047_jpg.rf.1667a7778e2ddc09b3cab1a88bcd6b2c.jpg,none,KEEP,No issues found
train,IMG-20231014-WA0047_jpg.rf.44ca73a81d991fabe5425186e70a2f15.jpg,none,KEEP,No issues found
train,IMG-20231014-WA0047_jpg.rf.9b9a399590ddad93e62799e51f2f7687.jpg,none,KEEP,No issues found
train,IMG-20231014-WA0049_jpg.rf.adecb161016713abc7903a436f5cdc05.jpg,none,KEEP,No issues found
train,IMG-20231014-WA0049_jpg.rf.d5f330f48b1df11453e809695f7d9c60.jpg,none,KEEP,No issues found
train,IMG-20231014-WA0049_jpg.rf.ddadc48a26d67c75941502ceb5971504.jpg,none,KEEP,No issues found
train,IMG-20231014-WA0050_jpg.rf.38474a4a19be74ab68fad221585d5038.jpg,none,KEEP,No issues found
train,IMG-20231017-WA0000_jpg.rf.4f8f11397cdcad17157821ac34ec9b1a.jpg,none,KEEP,No issues found
train,IMG-20231017-WA0000_jpg.rf.bdaef92f4026b0bbc685261776ef5f36.jpg,none,KEEP,No issues found
train,IMG-20231017-WA0000_jpg.rf.c02d53ef4dda03f5916d4b11b49defd8.jpg,none,KEEP,No issues found
train,IMG-20231017-WA0004_jpg.rf.ac4a49f287b24a6b06811652e8edcca2.jpg,none,KEEP,No issues found
train,IMG-20231017-WA0007_jpg.rf.36ec3a117190e005bff0c6599bee0ccf.jpg,none,KEEP,No issues found
train,IMG-20231017-WA0009_jpg.rf.ecfbc6b5cdda2dae698a8fd33b82c83a.jpg,none,KEEP,No issues found
train,IMG-20231017-WA0010_jpg.rf.24bfbb0f562a42dc5c1f0c0c63c6acfb.jpg,none,KEEP,No issues found
train,IMG-20231017-WA0010_jpg.rf.c1b9f95a9f14595eb711377beedd5c70.jpg,none,KEEP,No issues found
train,IMG-20231017-WA0015_jpg.rf.2c69a6d5c3573ac8a72e4fbe6cb6c74c.jpg,none,KEEP,No issues found
train,IMG-20231017-WA0015_jpg.rf.63aa75d04d8e7b7553ec051fa7621ba2.jpg,none,KEEP,No issues found
train,IMG-20231017-WA0015_jpg.rf.b7a173ab56d5d68c5c31a74bc58ff473.jpg,none,KEEP,No issues found
train,IMG-20231017-WA0025_jpg.rf.191563629434ae043ca75d423f4aece4.jpg,none,KEEP,No issues found
train,IMG-20231017-WA0025_jpg.rf.3e497b4268cafcfa096957a5dbd2c760.jpg,none,KEEP,No issues found
train,IMG-20231017-WA0025_jpg.rf.7097554185718035fa74c4825ed5a0a0.jpg,none,KEEP,No issues found
train,IMG-20231017-WA0026_jpg.rf.809c1604323b981ceec58deede7dcb3b.jpg,none,KEEP,No issues found
train,IMG-20231017-WA0030_jpg.rf.715628ee80151169ca4c60a64c7080fa.jpg,none,KEEP,No issues found
train,IMG-20231017-WA0030_jpg.rf.7ccadaeaa4ef3aa352fae6e32d5aa671.jpg,none,KEEP,No issues found
train,IMG-20231017-WA0031_jpg.rf.26d6430203e67e2e8f53dd55027a2746.jpg,none,KEEP,No issues found
train,IMG-20231017-WA0031_jpg.rf.4e6b7cf0be891425e5bd1c912f0fc169.jpg,none,KEEP,No issues found
train,IMG-20231017-WA0031_jpg.rf.cd3d4ec51b1759470bf96dea223d617b.jpg,none,KEEP,No issues found
train,IMG-20231017-WA0033_jpg.rf.029f0faedf0fc5c9b2eb6712da9fa70e.jpg,none,KEEP,No issues found
train,IMG-20231017-WA0033_jpg.rf.8258c583d9d097136d7da39a7a7360bb.jpg,none,KEEP,No issues found
train,IMG-20231017-WA0034_jpg.rf.f4ff22e8fc406afe3eecdf19337342ef.jpg,none,KEEP,No issues found
train,IMG-20231017-WA0035_jpg.rf.75ca570e6a7bca5943e9d667f4c188f3.jpg,none,KEEP,No issues found
train,IMG-20231017-WA0035_jpg.rf.93830a646657e7c51576ca09913c3c1c.jpg,none,KEEP,No issues found
train,IMG-20231017-WA0035_jpg.rf.cfcdb64f2285b9d018e8f52d03c476a5.jpg,none,KEEP,No issues found
train,IMG-20231017-WA0039_jpg.rf.7f0db06414a977ee522430f6496c84e0.jpg,none,KEEP,No issues found
train,IMG-20231017-WA0039_jpg.rf.94d4466a6b4be1921356142706b75d12.jpg,none,KEEP,No issues found
train,IMG-20231017-WA0040_jpg.rf.a2dac32414c55416476a2da10870eed8.jpg,none,KEEP,No issues found
train,IMG-20231017-WA0041_jpg.rf.3a3a7877db96bd14f1474512a69a04d3.jpg,none,KEEP,No issues found
train,IMG-20231017-WA0042_jpg.rf.129f9d0cc77fad7a66280a71261229f5.jpg,none,KEEP,No issues found
train,IMG-20231017-WA0042_jpg.rf.bc7f064f5e41efdb996377527563c88b.jpg,none,KEEP,No issues found
train,IMG-20231017-WA0043_jpg.rf.0577ae8aacd8764bc4c21dc1e52bc3de.jpg,none,KEEP,No issues found
train,IMG-20231017-WA0043_jpg.rf.ef490d3ad09cfb86a82b72bb04dc0a57.jpg,none,KEEP,No issues found
train,IMG-20231017-WA0044_jpg.rf.00e8e756432a3df9d0757ce3aad25ccb.jpg,none,KEEP,No issues found
train,IMG-20231017-WA0048_jpg.rf.f5b58ce5f8e7851e5b668bd811cad7d3.jpg,none,KEEP,No issues found
train,IMG-20231017-WA0049_jpg.rf.26b2325c53d9fec07a63e79a8eb7073f.jpg,none,KEEP,No issues found
train,IMG-20231017-WA0050_jpg.rf.34dbefb9bb4fcf82a5091294486c4b70.jpg,none,KEEP,No issues found
train,IMG-20231017-WA0050_jpg.rf.6f403c4c6450f421ca3f4e3c87be61ed.jpg,none,KEEP,No issues found
train,IMG-20231017-WA0050_jpg.rf.f9063f11c99d3b7773b8f33d135cff8a.jpg,none,KEEP,No issues found
train,IMG-20231017-WA0052_jpg.rf.db909d0cf38826944e8be20f90902840.jpg,none,KEEP,No issues found
train,IMG-20231017-WA0053_jpg.rf.5ca50b36b9c2adaaf23ef3b770a42775.jpg,none,KEEP,No issues found
train,IMG-20231017-WA0053_jpg.rf.c2f8181e1b6696a9298cfbc88f52ca1a.jpg,none,KEEP,No issues found
train,IMG-20231017-WA0054_jpg.rf.57669eb110f2252e11cc07857b07a117.jpg,none,KEEP,No issues found
train,IMG-20231017-WA0055_jpg.rf.52c3409605e35d1d39637d1b9a5d799f.jpg,none,KEEP,No issues found
train,IMG-20231017-WA0055_jpg.rf.5436eeb6dc83c957e2fabb5838eeb934.jpg,none,KEEP,No issues found
train,IMG-20231017-WA0057_jpg.rf.14f0a269e60e88e9c19a75dd4dc383e2.jpg,none,KEEP,No issues found
train,IMG-20231017-WA0057_jpg.rf.591eefb99235e292b1cccd4c39a7ba0c.jpg,none,KEEP,No issues found
train,IMG-20231017-WA0058_jpg.rf.0f5a9996f8abe292db039f3281d51300.jpg,none,KEEP,No issues found
train,IMG-20231017-WA0058_jpg.rf.9de7057a28638be674f7c6e20306c90d.jpg,none,KEEP,No issues found
train,IMG-20231017-WA0059_jpg.rf.295eae4dacd60780ccfd9e349baa9b48.jpg,none,KEEP,No issues found
train,IMG-20231017-WA0059_jpg.rf.c5ce495c42eb3c67aec4d4f04e0b7192.jpg,none,KEEP,No issues found
train,IMG-20231017-WA0059_jpg.rf.fad554a223a1f72e986d3a8927d7725a.jpg,none,KEEP,No issues found
train,IMG20230906165844_jpg.rf.070752193c732f485330c657f2acce32.jpg,none,KEEP,No issues found
train,IMG20230906165905_jpg.rf.310d4b50059931c675f2f7c83cb4b8c2.jpg,none,KEEP,No issues found
train,IMG20230906170013_jpg.rf.7e9030f43f38c1f30c50d570b7034d00.jpg,none,KEEP,No issues found
train,IMG20230906170022_jpg.rf.11ddf76b43f5bc5ce8b920097a8895bd.jpg,none,KEEP,No issues found
train,IMG20230906170040_jpg.rf.269b786f8266aaf68e12e9a6d79e8e34.jpg,none,KEEP,No issues found
train,IMG20230906170050_jpg.rf.2550bfb4106f6f769bd9fc1d4ad5b5a1.jpg,none,KEEP,No issues found
train,IMG20230906170437_jpg.rf.536dd5f4017b87240070077dbc31eca8.jpg,none,KEEP,No issues found
train,IMG20230906170540_jpg.rf.f5173b5c2c06a2b6700ba450de034899.jpg,none,KEEP,No issues found
train,IMG_20220630_215455_jpg.rf.77fa7b215fdd6a6702c09db358049bf7.jpg,none,KEEP,No issues found
train,IMG_20220701_003750_jpg.rf.8fbb22cfde864e53bc044e3ea86a05d7.jpg,none,KEEP,No issues found
train,IMG_20230712_101448_jpg.rf.194e8f9597f5dd94efdde15807971d3c.jpg,none,KEEP,No issues found
train,IMG_20230712_101448_jpg.rf.24b86e6103ea50636bbcab105a367125.jpg,none,KEEP,No issues found
train,IMG_20230712_101448_jpg.rf.3c07d060a9e66b57307e2e77ee699f24.jpg,none,KEEP,No issues found
train,IMG_20230712_101448_jpg.rf.62b1628bd77c2b958dd05b159fcdf980.jpg,none,KEEP,No issues found
train,IMG_20230712_101448_jpg.rf.8aaef8f160eefe16ec4fb2099e9f9c6c.jpg,none,KEEP,No issues found
train,IMG_20230712_101450_jpg.rf.2660f6379742d24210deefbfcc786652.jpg,none,KEEP,No issues found
train,IMG_20230712_101450_jpg.rf.5804098b7869072584b89abe95fd7aff.jpg,none,KEEP,No issues found
train,IMG_20230712_101450_jpg.rf.a435a250d1bd6ce7faed5c5e072aebf2.jpg,none,KEEP,No issues found
train,IMG_20230712_101450_jpg.rf.be31f04f0a79b59a41bf480f1204915b.jpg,none,KEEP,No issues found
train,IMG_20230712_101450_jpg.rf.fd5a2458b27e8536d6a320b1a84beb96.jpg,none,KEEP,No issues found
train,IMG_20230712_101800_jpg.rf.81023a8f3407e9726a5871a87495bde0.jpg,none,KEEP,No issues found
train,IMG_20230712_101800_jpg.rf.85d329508e1bb30e2c863eea92f56075.jpg,none,KEEP,No issues found
train,IMG_20230712_101800_jpg.rf.8ec904b4a1487e7bc43649b584c1d414.jpg,none,KEEP,No issues found
train,IMG_20230712_101800_jpg.rf.97011654d545ef5b2e00dd4fe70d7cd7.jpg,none,KEEP,No issues found
train,IMG_20230712_101800_jpg.rf.ebee68878e28aa4a46236f50ebecc870.jpg,none,KEEP,No issues found
train,IMG_20230712_110539_jpg.rf.1395402d929cd3fe4bc91a05f90fb21f.jpg,none,KEEP,No issues found
train,IMG_20230712_110539_jpg.rf.284f258fd108d2437dac97fa988121bf.jpg,none,KEEP,No issues found
train,IMG_20230712_110539_jpg.rf.4acc6ce1b45f3bf20381dde0eefe9074.jpg,none,KEEP,No issues found
train,IMG_20230712_122521_jpg.rf.896206d1a40a9ecfe631ec7db3877273.jpg,none,KEEP,No issues found
train,IMG_20230712_122521_jpg.rf.cf70d679bd79f13b760af6c12a24c9bd.jpg,none,KEEP,No issues found
train,IMG_20230727_114152_jpg.rf.8f066d9871fd7f3609fbbe63a9b7e3f0.jpg,none,KEEP,No issues found
train,IMG_20230727_114339_jpg.rf.7a2a3fd820e9233a8f6fde2e0fa9a5f2.jpg,none,KEEP,No issues found
train,IMG_20230727_114339_jpg.rf.870c4cad107a054de03378ff29ca16a4.jpg,none,KEEP,No issues found
train,IMG_20230727_114339_jpg.rf.c9fe499754fdfec1d2d53abb1283f4d8.jpg,none,KEEP,No issues found
train,IMG_20230727_115155_jpg.rf.3d8304dd044588ba6241e50c7998d7ae.jpg,none,KEEP,No issues found
train,IMG_20230727_115155_jpg.rf.7ecb9bc1f965cac97887d9b0882f71d9.jpg,none,KEEP,No issues found
train,IMG_20230727_142559_jpg.rf.5dfb32aaaed30e447d73328dc2eb362b.jpg,none,KEEP,No issues found
train,IMG_20230727_142559_jpg.rf.a1a3e93e55855b13c4b95d5c6d331a3a.jpg,none,KEEP,No issues found
train,IMG_20230727_142559_jpg.rf.e01ea59f6fb8e446f7e19b4435cb87ef.jpg,none,KEEP,No issues found
train,IMG_20230727_142559_jpg.rf.e1a2113b0e97a8eccb09801b1ec093cf.jpg,none,KEEP,No issues found
train,IMG_20230727_143334_jpg.rf.4a0a60a1134d26108c1f8e1d1c15f5ff.jpg,none,KEEP,No issues found
train,IMG_20230727_143334_jpg.rf.9a7043f31e9366ca9324b5b837faff79.jpg,none,KEEP,No issues found
train,IMG_20230727_143334_jpg.rf.a9ce375ebd45c25e4fc2b0f0f74b504c.jpg,none,KEEP,No issues found
train,IMG_20230727_143544_jpg.rf.60ce6e671a5743d050f54de05f3f5ad0.jpg,none,KEEP,No issues found
train,IMG_20230727_143803_jpg.rf.583153551fbc6305d99157521b742a2b.jpg,none,KEEP,No issues found
train,IMG_20230727_145010_jpg.rf.efdde39439c3d8d24e7de4b506560653.jpg,none,KEEP,No issues found
train,IMG_20230727_150224_jpg.rf.1637031d4c58de0d5ea8a3f6c676f73d.jpg,none,KEEP,No issues found
train,IMG_20230727_150224_jpg.rf.2a3d7d142e70fcbeb5b516322dc05dc9.jpg,none,KEEP,No issues found
train,IMG_20230727_150224_jpg.rf.41c398270649edb11d8da18d387531e6.jpg,none,KEEP,No issues found
train,IMG_20230727_150224_jpg.rf.851c1a660c64b6d4322e562de9b9323f.jpg,none,KEEP,No issues found
train,IMG_20230727_150230_jpg.rf.2c34a9669e2a1d6b2fc0303bad5cae10.jpg,none,KEEP,No issues found
train,IMG_20230727_150230_jpg.rf.655170aaa9cb03a4b4c5ea6422a90cfa.jpg,none,KEEP,No issues found
train,IMG_20230727_150230_jpg.rf.703a513311ebf853e4d5953c4a794b1e.jpg,none,KEEP,No issues found
train,IMG_20230727_151005_jpg.rf.1d1df40af8eb9daf5e5cba5b8c7e6a9c.jpg,none,KEEP,No issues found
train,IMG_20230727_151005_jpg.rf.b98266b0bf591d0471f94f788aeb1037.jpg,none,KEEP,No issues found
train,IMG_20230727_151005_jpg.rf.ca9bd4b35b68c35038683ffe1e003a17.jpg,none,KEEP,No issues found
train,IMG_20230727_151005_jpg.rf.e854c924de851cc0f1a89c40293b2ad6.jpg,none,KEEP,No issues found
train,IMG_20230731_121307_jpg.rf.44331d3ccff6b7e94f6eefe9453fc617.jpg,none,KEEP,No issues found
train,IMG_20230731_121307_jpg.rf.4d850baed87314a284e39c665acb334e.jpg,none,KEEP,No issues found
train,IMG_20230731_121307_jpg.rf.76bd8610286cd483f59c2468924a01ee.jpg,none,KEEP,No issues found
train,IMG_20230731_121315_jpg.rf.1430b1c17a20ed11b23aec37e05fd219.jpg,none,KEEP,No issues found
train,IMG_20230731_121315_jpg.rf.72babd5aa5304b4a2dbbfd1d418af850.jpg,none,KEEP,No issues found
train,IMG_20230731_121315_jpg.rf.dbaa560a0792f5f7607f5a5c8dda82e9.jpg,none,KEEP,No issues found
train,IMG_20230731_121423_jpg.rf.38dfce7116cd5576b855fcdc596b9f20.jpg,none,KEEP,No issues found
train,IMG_20230731_121423_jpg.rf.6a57b49bc316ee05368ae7bb8c40791c.jpg,none,KEEP,No issues found
train,IMG_20230731_121559_jpg.rf.16ae924c6324de8d603bcd4fbc21c1c9.jpg,none,KEEP,No issues found
train,IMG_20230731_121559_jpg.rf.b2442a17a0129b1e44a1b4704ee671b6.jpg,none,KEEP,No issues found
train,IMG_20230731_121559_jpg.rf.dd192e3a8a765d17d3078199b122f175.jpg,none,KEEP,No issues found
train,IMG_20230731_122504_jpg.rf.57af69a826171582db68e71f158111bd.jpg,none,KEEP,No issues found
train,IMG_20230731_122504_jpg.rf.9bcfd7e2f4fc9de8f1a50646e554be93.jpg,none,KEEP,No issues found
train,IMG_20230823_105639_jpg.rf.04e5ec9954709f05bfaba4ae42d99a1c.jpg,none,KEEP,No issues found
train,IMG_20230823_105639_jpg.rf.28f8993a5931aa7a5925b0ad1949c59f.jpg,none,KEEP,No issues found
train,IMG_20230823_105639_jpg.rf.2c2aa2dc17146c151c6a09f907eed9fa.jpg,none,KEEP,No issues found
train,IMG_20230823_105639_jpg.rf.7a3ffbfc5d66722c83a8fb4785469d89.jpg,none,KEEP,No issues found
train,IMG_20230823_105644_jpg.rf.2b03d31f714e8e2d06bdf4ec2261cb41.jpg,none,KEEP,No issues found
train,IMG_20230823_105644_jpg.rf.62d2b773ee580e38aee0ff54b42cbe2c.jpg,none,KEEP,No issues found
train,IMG_20230823_105644_jpg.rf.b7c367f4c382c4a1ab0c8683feaebefa.jpg,none,KEEP,No issues found
train,IMG_20230823_105644_jpg.rf.bc018fbbb1fed4498f8a344a19b6fec6.jpg,none,KEEP,No issues found
train,IMG_20230823_105644_jpg.rf.c344f2c2cde35b05ebae723eed5ec0a2.jpg,none,KEEP,No issues found
train,IMG_20230823_105644_jpg.rf.e55fb3777702a55c6d6f08bed2a8b805.jpg,none,KEEP,No issues found
train,IMG_20230823_105649_jpg.rf.04260cc589587345769387d8ee21e0e3.jpg,none,KEEP,No issues found
train,IMG_20230823_105649_jpg.rf.20d9509e8db77e6b22b045c9b8d366e9.jpg,none,KEEP,No issues found
train,IMG_20230823_105649_jpg.rf.46602fe2b03d13fda001dd667315c485.jpg,none,KEEP,No issues found
train,IMG_20230823_105649_jpg.rf.9479c5d2447315f7425a1392e218fe83.jpg,none,KEEP,No issues found
train,IMG_20230823_105838_jpg.rf.b7a9a1d7980d3d1923da391425762790.jpg,none,KEEP,No issues found
train,IMG_20230823_105838_jpg.rf.c5627c7b6b0dfbaf08c65de2f4077c5c.jpg,none,KEEP,No issues found
train,IMG_20230823_105838_jpg.rf.f5fe19c42aba2aa7615d9905254f0823.jpg,none,KEEP,No issues found
train,IMG_20230823_105842_jpg.rf.9514270d59b3a1ab68a56e665b6031cd.jpg,none,KEEP,No issues found
train,IMG_20230823_105847_jpg.rf.072ada418b1c21c23c64448b2ad4682c.jpg,none,KEEP,No issues found
train,IMG_20230823_105847_jpg.rf.ee855f286d7be916274614ec26b23386.jpg,none,KEEP,No issues found
train,IMG_20230823_110526_jpg.rf.1b84e07fbeb56961c55c07a7cbe9d8f4.jpg,none,KEEP,No issues found
train,IMG_20230823_110526_jpg.rf.b9a2e30b8e1c30b51f9da58b10c90b79.jpg,none,KEEP,No issues found
train,IMG_20230823_110529_jpg.rf.121132d6f16f8ada0edc42f7171333af.jpg,none,KEEP,No issues found
train,IMG_20230823_110529_jpg.rf.4225c4bd92bc091fd27b7a5194d20b7f.jpg,none,KEEP,No issues found
train,IMG_20230823_110531_jpg.rf.1d2c192cc7de86cec7f9bfcf5a0a61e8.jpg,none,KEEP,No issues found
train,IMG_20230823_110531_jpg.rf.4d772fba5cd169e9972c962d59a9e011.jpg,none,KEEP,No issues found
train,IMG_20230823_110531_jpg.rf.a850a86315185dc62194df0d52696025.jpg,none,KEEP,No issues found
train,IMG_20230823_110754_jpg.rf.4cfb9e486edf8373c7779e8cb5fd8576.jpg,none,KEEP,No issues found
train,IMG_20230823_110754_jpg.rf.7d5c91a856875cc2c18e7323c1286c90.jpg,none,KEEP,No issues found
train,IMG_20230823_110754_jpg.rf.ee3fd9b82313b5ab80f1275a6d8e85d1.jpg,none,KEEP,No issues found
train,IMG_20230823_110757_jpg.rf.16eb3eede8ffc8c9c3889502b23b9858.jpg,none,KEEP,No issues found
train,IMG_20230823_111341_jpg.rf.c82d03e8f39e55f0302e57b611c79bb2.jpg,none,KEEP,No issues found
train,IMG_20230823_111346_jpg.rf.3652d5e9f2616c159e1d72d163887145.jpg,none,KEEP,No issues found
train,IMG_20230823_111346_jpg.rf.f417dbcae4efa79123169688bffec214.jpg,none,KEEP,No issues found
train,IMG_20230823_111350_jpg.rf.150a102b72463661ae0cc2685244b4cd.jpg,none,KEEP,No issues found
train,IMG_20230823_111350_jpg.rf.2120b155386a24a1ae29233a5f9c2167.jpg,none,KEEP,No issues found
train,IMG_20230823_111350_jpg.rf.ea236504344e6823e4d5793a71627fa4.jpg,none,KEEP,No issues found
train,IMG_20230823_112835_jpg.rf.3fe5b7e854748b4e9df57bf46a9c3a07.jpg,none,KEEP,No issues found
train,IMG_20230823_112835_jpg.rf.4b3c8f2cc2190f21f5ec15688d74242b.jpg,none,KEEP,No issues found
train,IMG_20230823_112857_jpg.rf.3e6fbbbdb1677203bb386c6c824de0c5.jpg,none,KEEP,No issues found
train,IMG_20230823_112857_jpg.rf.d988c494da9015f6fb776f1bca4235ba.jpg,none,KEEP,No issues found
train,IMG_20230823_112903_jpg.rf.38bc0aa2f839c35858ee674d80eabd59.jpg,none,KEEP,No issues found
train,IMG_20230823_112903_jpg.rf.585dc259898adf9d863e181924975f54.jpg,none,KEEP,No issues found
train,IMG_20230823_112903_jpg.rf.d6f7f54300a3e45fc50a1840259d4202.jpg,none,KEEP,No issues found
train,IMG_20230823_123713_jpg.rf.2f431d550cf72c82f524124857711f26.jpg,none,KEEP,No issues found
train,IMG_20230823_123713_jpg.rf.4898bee8d3c0aefe1ad1d24b7caace4a.jpg,none,KEEP,No issues found
train,IMG_20230823_123713_jpg.rf.675d43d58f81f71ce8527307a03ca044.jpg,none,KEEP,No issues found
train,IMG_20230823_123713_jpg.rf.83a14d843bb7539a0b7682572703bb1e.jpg,none,KEEP,No issues found
train,IMG_20230823_123713_jpg.rf.b34259cb105fbd35e66fd2fe57bb1c47.jpg,none,KEEP,No issues found
train,IMG_20230823_123718_jpg.rf.6caed9a24197ec6243d6082275b77af5.jpg,none,KEEP,No issues found
train,IMG_20230823_123723_jpg.rf.2b76b3a6174b3b4ebf002db907583072.jpg,none,KEEP,No issues found
train,IMG_20230823_123723_jpg.rf.9e9015bdb55f07648ececd916d0505d2.jpg,none,KEEP,No issues found
train,IMG_20230823_123723_jpg.rf.a45a3a220e1bc97dfb0b36711853647c.jpg,none,KEEP,No issues found
train,IMG_20230823_123723_jpg.rf.d00e888c5c86192732f3a12989f967d0.jpg,none,KEEP,No issues found
train,IMG_20230823_123723_jpg.rf.d07c12ef5f6f4bbc3f4d473c3e4a8598.jpg,none,KEEP,No issues found
train,IMG_20230823_123811_jpg.rf.3626b492e796e9a2c1bae7a04fac4b78.jpg,none,KEEP,No issues found
train,IMG_20230823_123811_jpg.rf.671a408b767151577abf64dfbd2b9dbd.jpg,none,KEEP,No issues found
train,IMG_20230823_123811_jpg.rf.ab1f5ec8dce5e3185e24a3d2c241ba92.jpg,none,KEEP,No issues found
train,IMG_20230823_123811_jpg.rf.ca153d70dc1d9b41fbda0861f6684782.jpg,none,KEEP,No issues found
train,IMG_20230823_123815_jpg.rf.1ad376b0aaf0102eb9bf279c3b7d4013.jpg,none,KEEP,No issues found
train,IMG_20230823_123815_jpg.rf.50df41a32aab45c8afbf3caa542b0ad3.jpg,none,KEEP,No issues found
train,IMG_20230823_123815_jpg.rf.5bb98f159fa18e1288690c22db270954.jpg,none,KEEP,No issues found
train,IMG_20230823_123815_jpg.rf.7e9b934f173d6877c703b28f8b8b392e.jpg,none,KEEP,No issues found
train,IMG_20230823_123815_jpg.rf.896b3f67bfa908d50f3b4d1afcd8abc9.jpg,none,KEEP,No issues found
train,IMG_20230823_123815_jpg.rf.f1b85358d9f309d84345bbb4c8ba484d.jpg,none,KEEP,No issues found
train,IMG_20230823_123834_jpg.rf.05df8c24d1e704d4daf8f6ebd1783832.jpg,none,KEEP,No issues found
train,IMG_20230823_123834_jpg.rf.518519b6b2be6d4cedf246151262dfff.jpg,none,KEEP,No issues found
train,IMG_20230823_123834_jpg.rf.cddd52581d73784cf26b6b154b4c8acf.jpg,none,KEEP,No issues found
train,IMG_20230823_123834_jpg.rf.e28a6ab98e2334c88aa1f17dc31a5eba.jpg,none,KEEP,No issues found
train,IMG_20230823_123834_jpg.rf.f68c7bc72cbc6ac6e04f65944fc0b304.jpg,none,KEEP,No issues found
train,IMG_20230823_123935_jpg.rf.57ee7f3a118018e3142dd77738b79152.jpg,none,KEEP,No issues found
train,IMG_20230823_123940_jpg.rf.bd7ca0725140897f2d4838f409e5e16b.jpg,none,KEEP,No issues found
train,IMG_20230823_123940_jpg.rf.f8b1f5b1574dcf9194dd9b0acbb49d40.jpg,none,KEEP,No issues found
train,IMG_20230823_123945_jpg.rf.88ef22ab0fa57e49c7314b93fdceb052.jpg,none,KEEP,No issues found
train,IMG_20230823_124025_jpg.rf.0a2fed73a9c12e0e415e125979081a5e.jpg,none,KEEP,No issues found
train,IMG_20230823_124025_jpg.rf.fc4462545fb0336acc2b60a8206eb88d.jpg,none,KEEP,No issues found
train,IMG_20230823_124028_jpg.rf.5391584c27951d6c125fce8a154d0a07.jpg,none,KEEP,No issues found
train,IMG_20230823_124028_jpg.rf.b83fb366f81f0fb94164ebdc8e727995.jpg,none,KEEP,No issues found
train,IMG_20230823_124028_jpg.rf.eb8bb3e162152f693fe6cca3d348e57b.jpg,none,KEEP,No issues found
train,IMG_20230823_124028_jpg.rf.f5962e7c94764bafe9fc2cb823120c99.jpg,none,KEEP,No issues found
train,IMG_20230823_124034_jpg.rf.0bb6c81552740f2b6ec84e3e1ce982f9.jpg,none,KEEP,No issues found
train,IMG_20230823_124034_jpg.rf.2e6453760ca4b5d1fe0eb37e1fac839f.jpg,none,KEEP,No issues found
train,IMG_20230823_124034_jpg.rf.6d520c31ccd5b128f175d484ceefd92b.jpg,none,KEEP,No issues found
train,IMG_20230823_124034_jpg.rf.737868cbad13319db8b18c65d1621390.jpg,none,KEEP,No issues found
train,IMG_20230823_124034_jpg.rf.83a06a087b611b6c23f695a13e9abd92.jpg,none,KEEP,No issues found
train,IMG_20230823_124034_jpg.rf.98a2fdc3f098ac6f3dda91719a4ff885.jpg,none,KEEP,No issues found
train,IMG_20230823_124034_jpg.rf.a0bc7b1caca98f1de901622cfd8cd5f8.jpg,none,KEEP,No issues found
train,IMG_20230823_124034_jpg.rf.a32c1327446d746133bbbbfd4e2c6907.jpg,none,KEEP,No issues found
train,IMG_20230824_110838_jpg.rf.a97ccb200c9cb088daef2a61b25d4ab6.jpg,none,KEEP,No issues found
train,IMG_20230824_110838_jpg.rf.be61da727d23369f93c1c17e08ef76c4.jpg,none,KEEP,No issues found
train,IMG_20230824_110841_jpg.rf.f309f12466ffe1bf7241f641a2ffe121.jpg,none,KEEP,No issues found
train,IMG_20230824_110844_jpg.rf.29af4372af874350b765342c7b9699bf.jpg,none,KEEP,No issues found
train,IMG_20230824_110844_jpg.rf.4c3c18bbf833be205d95bc924a3982ec.jpg,none,KEEP,No issues found
train,IMG_20230824_110844_jpg.rf.5353906890537a85672d7f910cc22724.jpg,none,KEEP,No issues found
train,IMG_20230824_110848_jpg.rf.3f208b022ee4ebaff4af8eb0051376e9.jpg,none,KEEP,No issues found
train,IMG_20230824_110848_jpg.rf.6475bf2030980aca9a1ebba0c124b745.jpg,none,KEEP,No issues found
train,IMG_20230824_114745_jpg.rf.4be88cc0b68a269b8af67eaa74bb5272.jpg,none,KEEP,No issues found
train,IMG_20230824_114750_jpg.rf.afde3a1be12b80f4c471dc8609d3f1e0.jpg,none,KEEP,No issues found
train,IMG_20230824_114750_jpg.rf.e6935c1244a5c85ab8915a283fd7de8b.jpg,none,KEEP,No issues found
train,IMG_20230824_114759_jpg.rf.62142adf9d3c3ba6cf073287ae8b9574.jpg,none,KEEP,No issues found
train,IMG_20230824_114759_jpg.rf.690c8bf1cbb5ae701ebb4f4dd4930d39.jpg,none,KEEP,No issues found
train,IMG_20230824_115423_jpg.rf.165056bdec1783ab6c35730c06831e8d.jpg,none,KEEP,No issues found
train,IMG_20230824_115423_jpg.rf.868e9b42732a70b3d5c93b71e82291f8.jpg,none,KEEP,No issues found
train,IMG_20230824_115423_jpg.rf.92c7e88ff378a6212eb8e785da89eabf.jpg,none,KEEP,No issues found
train,IMG_20230824_115427_jpg.rf.ef8789b86164f4ad137ac18bd2eb057c.jpg,none,KEEP,No issues found
train,IMG_20230824_115433_jpg.rf.1eb9a58209332356324aa3ee2dada8a7.jpg,none,KEEP,No issues found
train,IMG_20230824_115433_jpg.rf.5c8baeb39774a7079fee53155c03609b.jpg,none,KEEP,No issues found
train,IMG_20230824_120143_jpg.rf.a1485d1c6c76a4ce106da2597249c350.jpg,none,KEEP,No issues found
train,IMG_20230824_120143_jpg.rf.d7c701996ae9cde25f4e15bb3ebe6875.jpg,none,KEEP,No issues found
train,IMG_20230824_120256_jpg.rf.12f5bc309698628450301f86c6594e70.jpg,none,KEEP,No issues found
train,IMG_20230824_120256_jpg.rf.d1de67701aa3d752f6ee668273134a4f.jpg,none,KEEP,No issues found
train,IMG_20230824_120304_jpg.rf.2f863f60a7a43142959daa7afe2cf0dd.jpg,none,KEEP,No issues found
train,IMG_20230824_120304_jpg.rf.83920ee599dd27d6d34d8380c7fc6027.jpg,none,KEEP,No issues found
train,IMG_20230824_120304_jpg.rf.e803405a12790ba78f461543a7b721f2.jpg,none,KEEP,No issues found
train,IMG_20230824_122037_jpg.rf.35149f33d3e293f38f7df2680addef8a.jpg,none,KEEP,No issues found
train,IMG_20230824_122037_jpg.rf.9286d9588f88fe0623f876ee1233a6e3.jpg,none,KEEP,No issues found
train,IMG_20230824_122037_jpg.rf.96fb01cdf5e8baec965023743591d825.jpg,none,KEEP,No issues found
train,IMG_20230824_122043_jpg.rf.2c63767ef112dd157db1aa5ffa9283a5.jpg,none,KEEP,No issues found
train,IMG_20230824_122043_jpg.rf.3bc345294039386990ba9e47cd6f7545.jpg,none,KEEP,No issues found
train,IMG_20230824_122043_jpg.rf.a20ee08a735af458b59ae40c37c42761.jpg,none,KEEP,No issues found
train,IMG_20230824_122046_jpg.rf.e039a741386346717211aaeb19a1df2d.jpg,none,KEEP,No issues found
train,IMG_20230824_122046_jpg.rf.f57e9ceee3d8d20944ee9357aba67c36.jpg,none,KEEP,No issues found
train,IMG_20230824_122158_jpg.rf.66a69af3fe22b9b8ad16e06e87d54ca3.jpg,none,KEEP,No issues found
train,IMG_20230824_122158_jpg.rf.83503461700a0d263da6687f5565b6e1.jpg,none,KEEP,No issues found
train,IMG_20230824_122158_jpg.rf.ec59e8ffba8bae6a14f08e7ece9900f1.jpg,none,KEEP,No issues found
train,IMG_20230824_122209_jpg.rf.093f645fe53e5c80eb578ef1c307b15d.jpg,none,KEEP,No issues found
train,IMG_20230824_122209_jpg.rf.e0d59152b2b8dabb34235c684d76814b.jpg,none,KEEP,No issues found
train,IMG_20230824_122209_jpg.rf.f89b6e65f60144a9c7b557a2ba2a84a5.jpg,none,KEEP,No issues found
train,IMG_20230824_123523_jpg.rf.293616389fa1ec763ffafcfe3ebd4c3a.jpg,none,KEEP,No issues found
train,IMG_20230824_123523_jpg.rf.6af89f9d2feb7e6bf068e49359b7993a.jpg,none,KEEP,No issues found
train,IMG_20230824_123529_jpg.rf.1b5fd4b49b69f86d8039fc7e567b7e57.jpg,none,KEEP,No issues found
train,IMG_20230824_123529_jpg.rf.2fe4dd8a9e7d18d879d456204f1c00fd.jpg,none,KEEP,No issues found
train,IMG_20230824_123529_jpg.rf.e2a88ebe22bbcb0cc97cfe66c7c20c19.jpg,none,KEEP,No issues found
train,IMG_20230824_142810_jpg.rf.c51505411bfe3816d9969ca13136d528.jpg,none,KEEP,No issues found
train,IMG_20230824_142815_jpg.rf.be3cb3d7fe489bb2498d3aebed51ab76.jpg,none,KEEP,No issues found
train,IMG_20230824_142815_jpg.rf.e03f4d02f61fc4e894fc49f4bd218ab6.jpg,none,KEEP,No issues found
train,IMG_20230824_142823_jpg.rf.64f9051a72cc07a216dbd304a00e42ef.jpg,none,KEEP,No issues found
train,IMG_20230824_142823_jpg.rf.66ce3542cf777bffed0c816c9ede13d7.jpg,none,KEEP,No issues found
train,IMG_20230824_143502_jpg.rf.199de1639e806933bd527a7bc80f9796.jpg,none,KEEP,No issues found
train,IMG_20230824_143502_jpg.rf.f1640bf4b2f5a18fddc30496f49ad1ae.jpg,none,KEEP,No issues found
train,IMG_20230824_143507_jpg.rf.eb033bca51ce7944db963d0276ba4ab2.jpg,none,KEEP,No issues found
train,IMG_20230824_143512_jpg.rf.421a01dc156e869064f8e42e73a62192.jpg,none,KEEP,No issues found
train,IMG_20230824_143512_jpg.rf.d70b42c560a72e45c22db82334fcd2db.jpg,none,KEEP,No issues found
train,IMG_20230824_144024_jpg.rf.477b3585be0ad77b7053f9c46a41b419.jpg,none,KEEP,No issues found
train,IMG_20230824_144030_jpg.rf.b9bf2d34204dd3ef37e5d1a30f16aed9.jpg,none,KEEP,No issues found
train,IMG_20230824_144418_jpg.rf.684b2bc6508a4bfa8e99554d7d88a9c2.jpg,none,KEEP,No issues found
train,istockphoto-1046431096-1024x1024-transformed_jpeg_jpg.rf.b13bc284a81c641fcbc6717899f2dffe.jpg,none,KEEP,No issues found
train,istockphoto-1280191002-1024x1024-transformed_jpeg_jpg.rf.80e062e34d36f6d19d114cc9206ac337.jpg,none,KEEP,No issues found
train,istockphoto-1392320577-1024x1024-transformed_jpeg_jpg.rf.a8f816e06fcc80fb183107501294e912.jpg,none,KEEP,No issues found
train,istockphoto-468972888-612x612_jpg.rf.22fb959fe4309828226a1c117b7e9294.jpg,none,KEEP,No issues found
train,knit-fabric-fix-3_jpg.rf.2e22e31cfbe3381f487f901eb9abdba3.jpg,none,KEEP,No issues found
train,Original-image-of-an-airbag-double-seam-with-a-missing-stitches-b-binarized-image-Copy_png_jpg.rf.6dc8ac2dd9f81ebc2ebbc4a23f26b46c.jpg,none,KEEP,No issues found
train,Overlocker-serger-stitch-problems-8_jpg.rf.cbc0981210ab8b7bc392db940e4bbcea.jpg,none,KEEP,No issues found
train,photo_2023-11-19_18-10-38_jpg.rf.689e0444141aa08667460e08596e90dc.jpg,none,KEEP,No issues found
train,photo_2023-11-19_18-10-46_jpg.rf.78a889242a43a926c6a5a3ab00aff136.jpg,none,KEEP,No issues found
train,photo_2023-11-19_18-10-50_jpg.rf.91fb48abf58719516920ac9526ba4d55.jpg,none,KEEP,No issues found
train,photo_2023-11-19_18-10-52_jpg.rf.4a224f655c4034230bb8a1c2b055a76a.jpg,none,KEEP,No issues found
train,photo_2023-11-19_18-11-19_jpg.rf.58bad1a45690255a0da67bd7f4ce1d4c.jpg,none,KEEP,No issues found
train,photo_2023-11-19_18-11-22_jpg.rf.6a5ab3eaee7ae06f83f3612a5c71a09b.jpg,none,KEEP,No issues found
train,photo_2023-11-19_18-11-24_jpg.rf.9208be3f5ad6483d376e4d28f825b30c.jpg,none,KEEP,No issues found
train,photo_2023-11-19_18-11-27_jpg.rf.5b6e7da7fd118ff73ebea4542fe78507.jpg,none,KEEP,No issues found
train,photo_2023-11-19_18-11-31_jpg.rf.cf5ea38dbd3c486c3bd8b40fccd6a385.jpg,none,KEEP,No issues found
train,photo_2023-11-19_18-11-34_jpg.rf.8727299536165a46948a930ed0cfb2d0.jpg,none,KEEP,No issues found
train,red-woolen-fabric-texture-black-big-hole-red-woolen-fabric-texture-black-big-hole-clothes-209360764-transformed_jpeg_jpg.rf.950bea70102bd66c934a94a590d63ae6.jpg,none,KEEP,No issues found
train,Screenshot_20230718-142348_Gallery_jpeg_jpg.rf.5a9259bd919a93e0703f4f193fda94d3.jpg,none,KEEP,No issues found
train,Screenshot_20230718-142348_Gallery_jpeg_jpg.rf.8adc955465d63b18a0de20bb22e053c0.jpg,none,KEEP,No issues found
train,Screenshot_20230718-142348_Gallery_jpeg_jpg.rf.ac29ad7b04c84ada56268a6e914ad42c.jpg,none,KEEP,No issues found
train,Snapchat-1005732038_jpg.rf.6e576c480e26d4078a9ad35d354e82aa.jpg,none,KEEP,No issues found
train,Snapchat-1005732038_jpg.rf.8d071b0dc967399fc31bf940d7811d71.jpg,none,KEEP,No issues found
train,Snapchat-1005732038_jpg.rf.a9f2c534da66826c0f3689ff9bb618a1.jpg,none,KEEP,No issues found
train,Snapchat-1013626309_jpg.rf.05f840ac4bc845afbd3e4148f3a85465.jpg,none,KEEP,No issues found
train,Snapchat-1013626309_jpg.rf.4ef18aa082fd3592f1e249a3323415f2.jpg,none,KEEP,No issues found
train,Snapchat-1013626309_jpg.rf.86062cc8d236c70a78ca95568558c2a3.jpg,none,KEEP,No issues found
train,Snapchat-1013626309_jpg.rf.a65afacdd5e369c9ce98155c24542d5d.jpg,none,KEEP,No issues found
train,Snapchat-1139889284_jpg.rf.291eff4ee1090f0a3f088a00145c93ed.jpg,none,KEEP,No issues found
train,Snapchat-1139889284_jpg.rf.4ae4b924970449ea6fb5b52bfd8bd66a.jpg,none,KEEP,No issues found
train,Snapchat-1139889284_jpg.rf.d3d161385dda36f2ec73bac1d976c275.jpg,none,KEEP,No issues found
train,Snapchat-1210634692_jpg.rf.e8e5ea5d24500940eb5fa56f438dff99.jpg,none,KEEP,No issues found
train,Snapchat-1234538557_jpg.rf.64b1506388d009a120666042730a564c.jpg,none,KEEP,No issues found
train,Snapchat-1234538557_jpg.rf.849e744c052eb246848976401ae9d1cc.jpg,none,KEEP,No issues found
train,Snapchat-1234538557_jpg.rf.aa82038d8d434dd815d218770f583b43.jpg,none,KEEP,No issues found
train,Snapchat-1307087803_jpg.rf.614ca50d0046a9c98051c9b766d19eb1.jpg,none,KEEP,No issues found
train,Snapchat-1307087803_jpg.rf.a77e47a859ea5ae39b03add0f44353d8.jpg,none,KEEP,No issues found
train,Snapchat-1307672139_jpg.rf.eecc2fa9ed12d03f1ceef365e061bf6c.jpg,none,KEEP,No issues found
train,Snapchat-1307672139_jpg.rf.fcda6a064397817eff6595820fee4ef7.jpg,none,KEEP,No issues found
train,Snapchat-1337600813_jpg.rf.08bd1e581896a3fbbb54f3b4338f536b.jpg,none,KEEP,No issues found
train,Snapchat-1337600813_jpg.rf.65a9515b68d1eaa29565474f8ad88c1b.jpg,none,KEEP,No issues found
train,Snapchat-1337600813_jpg.rf.76f9ac1c2332a303b01788fea4a78ab3.jpg,none,KEEP,No issues found
train,Snapchat-1337600813_jpg.rf.853c5730151f903f72489207340c633b.jpg,none,KEEP,No issues found
train,Snapchat-1388480047_jpg.rf.607562c18b859ec3c0ffeabfb413732c.jpg,none,KEEP,No issues found
train,Snapchat-1388480047_jpg.rf.73e3e1b18b919e5519c5d38ebbdf0e1b.jpg,none,KEEP,No issues found
train,Snapchat-138966709_jpg.rf.9de56352563da47b20459270b8c7c1a9.jpg,none,KEEP,No issues found
train,Snapchat-138966709_jpg.rf.d00726d22ad52692fdcb17a5cde9791d.jpg,none,KEEP,No issues found
train,Snapchat-1612633589_jpg.rf.162990d5aea1f010057e7296209d0229.jpg,none,KEEP,No issues found
train,Snapchat-1612633589_jpg.rf.208657945707c191617345037a4f9d13.jpg,none,KEEP,No issues found
train,Snapchat-1612633589_jpg.rf.a0343021407ff3af21d45fa6bb658953.jpg,none,KEEP,No issues found
train,Snapchat-1612633589_jpg.rf.d2097f64c045b69610012928193a4d70.jpg,none,KEEP,No issues found
train,Snapchat-1612633589_jpg.rf.d353804e2dc958ebe96eeee54f3f8e56.jpg,none,KEEP,No issues found
train,Snapchat-1612633589_jpg.rf.da10bfa29d797c148a2ccc7357b8ebf4.jpg,none,KEEP,No issues found
train,Snapchat-1653106364_jpg.rf.0b16c324490536f42568bf24dfa4712c.jpg,none,KEEP,No issues found
train,Snapchat-1653106364_jpg.rf.384191877f6e464cfd871570b452614a.jpg,none,KEEP,No issues found
train,Snapchat-1653106364_jpg.rf.e81d6c17defb95393fba478188a9caa0.jpg,none,KEEP,No issues found
train,Snapchat-1653106364_jpg.rf.f0da8fd29d6884d1c95485876a60dba0.jpg,none,KEEP,No issues found
train,Snapchat-1693966967_jpg.rf.19e6dace72f7d16bbc37ba871259d188.jpg,none,KEEP,No issues found
train,Snapchat-1693966967_jpg.rf.250de2d8d0016eba3ac0097155d4b94a.jpg,none,KEEP,No issues found
train,Snapchat-1693966967_jpg.rf.3902ff477b6cc2d5771bba055699660f.jpg,none,KEEP,No issues found
train,Snapchat-1693966967_jpg.rf.d89d1080f46460ece85bd13034b764d0.jpg,none,KEEP,No issues found
train,Snapchat-1693966967_jpg.rf.d9ae29d906d90e81a4277fb30b120bf7.jpg,none,KEEP,No issues found
train,Snapchat-1750891373_jpg.rf.c6439f1d9fa437b36c7b98d7633503a7.jpg,none,KEEP,No issues found
train,Snapchat-1750891373_jpg.rf.c67b47e9824685b2ce2a78d7980146f3.jpg,none,KEEP,No issues found
train,Snapchat-1750891373_jpg.rf.f84c8096c2d974585266490f7c7e0888.jpg,none,KEEP,No issues found
train,Snapchat-1750891373_jpg.rf.ff8399ca378f1dbe080005e132626dd8.jpg,none,KEEP,No issues found
train,Snapchat-1816259513_jpg.rf.9c00cc1a79df08da79fb16c5505fa9d1.jpg,none,KEEP,No issues found
train,Snapchat-1816259513_jpg.rf.b5357e501517e1b03d6a6f846fcde28f.jpg,none,KEEP,No issues found
train,Snapchat-1816259513_jpg.rf.c9e788bcc0ae2b677c7e887e5ef040a1.jpg,none,KEEP,No issues found
train,Snapchat-1934384875_jpg.rf.17a5918ed74de40f213369093567bdd4.jpg,none,KEEP,No issues found
train,Snapchat-1934384875_jpg.rf.1b0a20631c9562d97b3103377fee4b88.jpg,none,KEEP,No issues found
train,Snapchat-1934384875_jpg.rf.624df3c270db7153fc98ad66f2338167.jpg,none,KEEP,No issues found
train,Snapchat-195836286_jpg.rf.1feb9085d049836317d08cfbf4e99637.jpg,none,KEEP,No issues found
train,Snapchat-1971582087_jpg.rf.0a9ea07855ad83e36436bc98045fcb36.jpg,none,KEEP,No issues found
train,Snapchat-1971582087_jpg.rf.36345aacbf196cfc99215a5e24d7c7d1.jpg,none,KEEP,No issues found
train,Snapchat-1971582087_jpg.rf.ac528021f48678946a1abcbbdefd34bf.jpg,none,KEEP,No issues found
train,Snapchat-1971582087_jpg.rf.eae505a6a4d75b5b9ae8c75e90d5461f.jpg,none,KEEP,No issues found
train,Snapchat-2044137236_jpg.rf.353d247d9090a98fd58017be1bc37e0d.jpg,none,KEEP,No issues found
train,Snapchat-2044137236_jpg.rf.723bef89bece787130ff3c1b8623a5e7.jpg,none,KEEP,No issues found
train,Snapchat-2044137236_jpg.rf.af7cc256a3eccc35c14b933d4a2ecc20.jpg,none,KEEP,No issues found
train,Snapchat-2044137236_jpg.rf.b6e551e0953aa89acfdb4a429d2e94e0.jpg,none,KEEP,No issues found
train,Snapchat-2109070189_jpg.rf.b05e63257676852e8e4b5a9d9a18b4bf.jpg,none,KEEP,No issues found
train,Snapchat-2109070189_jpg.rf.b1b3de52104a5afa1e51cc42ad28ed58.jpg,none,KEEP,No issues found
train,Snapchat-2109070189_jpg.rf.b6c064c5967ae3d8003b0ee03e2bd6f8.jpg,none,KEEP,No issues found
train,Snapchat-246476695_jpg.rf.4a089652c0321389650c126afd13dfcf.jpg,none,KEEP,No issues found
train,Snapchat-246476695_jpg.rf.52385439fdf0eb19760aa8e97d4379ec.jpg,none,KEEP,No issues found
train,Snapchat-246476695_jpg.rf.67eb819cf4414640b6274111bc853678.jpg,none,KEEP,No issues found
train,Snapchat-246476695_jpg.rf.b8195d44276f2dea325e3699f30ce2ab.jpg,none,KEEP,No issues found
train,Snapchat-256807069_jpg.rf.19fdfa24eb2419168fea1dd2462597fd.jpg,none,KEEP,No issues found
train,Snapchat-256807069_jpg.rf.ee2a2a2bd5b5ca826b3912f2ef000a89.jpg,none,KEEP,No issues found
train,Snapchat-336039288_jpg.rf.e43dd64bd040ae51fc3876e941488f42.jpg,none,KEEP,No issues found
train,Snapchat-379059695_jpg.rf.0cb527a3424f7bd93ab3c4a46c004571.jpg,none,KEEP,No issues found
train,Snapchat-379059695_jpg.rf.146cada2e734231c6991e5de2ccf3d40.jpg,none,KEEP,No issues found
train,Snapchat-379059695_jpg.rf.9c58244cb2d802a9910061321f13d28f.jpg,none,KEEP,No issues found
train,Snapchat-540638072_jpg.rf.7a0a38e825f045220d16aebf04a3933b.jpg,none,KEEP,No issues found
train,Snapchat-540638072_jpg.rf.88b86698f806ded2a062bfc11ce19e78.jpg,none,KEEP,No issues found
train,Snapchat-540638072_jpg.rf.9842417d34a12cc14781b3f45656e467.jpg,none,KEEP,No issues found
train,Snapchat-540638072_jpg.rf.c04e8dc8d132b6c731b81912b39a1b27.jpg,none,KEEP,No issues found
train,Snapchat-713102257_jpg.rf.880b62ee86be62ac18e8fa6b248ee4c5.jpg,none,KEEP,No issues found
train,Snapchat-713102257_jpg.rf.e41ea5d2fe6b8739a5cb3336f00cfc00.jpg,none,KEEP,No issues found
train,Snapchat-713102257_jpg.rf.eab8bbed47d654ef13703157142f9136.jpg,none,KEEP,No issues found
train,Snapchat-777035721_jpg.rf.49a2e675af5221cfb01645a1909d15a5.jpg,none,KEEP,No issues found
train,Snapchat-777035721_jpg.rf.915463e58da19ab0d656c3e3da1bc526.jpg,none,KEEP,No issues found
train,Snapchat-781899447_jpg.rf.1314f0a5651d41388e86387751f964cb.jpg,none,KEEP,No issues found
train,Snapchat-781899447_jpg.rf.d0bdf0606b9251c3f29f129a76359f86.jpg,none,KEEP,No issues found
train,Snapchat-812187706_jpg.rf.5fdb3a69ce7b90fc2db29f349c44282e.jpg,none,KEEP,No issues found
train,Snapchat-812187706_jpg.rf.a7788966a2d105bb9089ffa33bd682fc.jpg,none,KEEP,No issues found
train,Snapchat-824542374_jpg.rf.313836574b4aec1e807c22ecf1b7a4da.jpg,none,KEEP,No issues found
train,Snapchat-824542374_jpg.rf.467d08544f3e0c5cf8e2469d779ba17f.jpg,none,KEEP,No issues found
train,Snapchat-824542374_jpg.rf.56e64d39d030d0478ba7dd5036b8a32e.jpg,none,KEEP,No issues found
train,Snapchat-824542374_jpg.rf.f893d5ea9847db4bc729f1384cef4671.jpg,none,KEEP,No issues found
train,Snapchat-944358305_jpg.rf.0082caa9d68a8415ad01b0fa9900da89.jpg,none,KEEP,No issues found
train,Snapchat-944358305_jpg.rf.94ea3be9ea89c98c2f0ca97300318178.jpg,none,KEEP,No issues found
train,stock-photo-blue-torn-jeans-fabric-denim-jeans-texture-or-denim-jeans-background-1967633710-transformed_jpeg_jpg.rf.a53b9f9c5e59a4fa9570b9afdadcc611.jpg,none,KEEP,No issues found
train,stock-photo-denim-jeans-blue-old-torn-of-fashion-design-421751314-transformed_jpeg_jpg.rf.81a1cca0bf883ca0d72a621c558e8970.jpg,none,KEEP,No issues found
train,stock-photo-hole-in-the-cotton-fabric-of-a-shirt-155903591-transformed_jpeg_jpg.rf.1b0b5fe2d075c45001e55d5a72a15299.jpg,none,KEEP,No issues found
train,stock-photo-holes-at-linen-45917446-transformed_jpeg_jpg.rf.85748d8697998ce5ccb94ffb52d40ab0.jpg,none,KEEP,No issues found
train,stock-photo-old-torn-blue-jeans-background-397872253-transformed_jpeg_jpg.rf.69d21dc4812810cb77d138c02a68ef9e.jpg,none,KEEP,No issues found
train,Tension-Testing-Tutorial-1110x600-WeAllSew-Copy-3-_jpg.rf.6b2643160f64d6b569b058838a5fa7fb.jpg,none,KEEP,No issues found
train,topbasi-10-_JPG_jpg.rf.5d90d1fbbeaaf12d3ca223854a04f97d.jpg,none,KEEP,No issues found
train,topbasi-12-_JPG_jpg.rf.10eeef02ec63936e44d300e962726494.jpg,none,KEEP,No issues found
train,topbasi-14-_JPG_jpg.rf.76d16c9d814fc8365204f9b2909f5d3d.jpg,none,KEEP,No issues found
train,topbasi-15-_jpg.rf.cb4f6f567dc787cf33098b758522b6ea.jpg,none,KEEP,No issues found
train,topbasi-16-_jpg.rf.1eb4f2e05f9795d7472d4b3d451183ac.jpg,none,KEEP,No issues found
train,topbasi-17-_jpg.rf.39094e819b83b520903f1632f69493c5.jpg,none,KEEP,No issues found
train,topbasi-2-_jpg.rf.e525230091c1acf112e0d2f01d9bb281.jpg,none,KEEP,No issues found
train,topbasi-20-_jpg.rf.6bb5cfad3ad92bcb5de2643227a01356.jpg,none,KEEP,No issues found
train,topbasi-21-_jpg.rf.9a23b5826540040bf51748b7520ea121.jpg,none,KEEP,No issues found
train,topbasi-22-_jpg.rf.5c52d80068f6c1d02d6eff58fd1d73c8.jpg,none,KEEP,No issues found
train,topbasi-23-_jpg.rf.32f269aa998266d00bf036a763a26481.jpg,none,KEEP,No issues found
train,topbasi-24-_jpg.rf.573a69b4b9f95902586fde641101644a.jpg,none,KEEP,No issues found
train,topbasi-25-_jpg.rf.758cce3884c15e93d2047fdf246d44e0.jpg,none,KEEP,No issues found
train,topbasi-26-_jpg.rf.f07ca4142880c49070470494541aab2e.jpg,none,KEEP,No issues found
train,topbasi-27-_jpg.rf.1e9544de366a060fb5f7cc293ca92c43.jpg,none,KEEP,No issues found
train,topbasi-29-_jpg.rf.219601d61f20f81fccdac50960736698.jpg,none,KEEP,No issues found
train,topbasi-3-_jpg.rf.e76d5ba3059f3b94585c30aed102e4d6.jpg,none,KEEP,No issues found
train,topbasi-30-_jpg.rf.9e2cab3d1bdd08fbb3539f53c90a41de.jpg,none,KEEP,No issues found
train,topbasi-32-_jpg.rf.c44c7422d1d12d6ae34b3433172fac4f.jpg,none,KEEP,No issues found
train,topbasi-35-_jpg.rf.1ca5051b520333b485184e422708253e.jpg,none,KEEP,No issues found
train,topbasi-4-_jpg.rf.1418b0fc3ca4899cbc0be74c9c1b22bb.jpg,none,KEEP,No issues found
train,topbasi-5-_jpg.rf.760941463693bea331400ddfbfdbdd8f.jpg,none,KEEP,No issues found
train,topbasi-6-_jpg.rf.26d057837170bd630075707ee38c645f.jpg,none,KEEP,No issues found
train,topbasi-7-_jpg.rf.a4dbdfdbdd4afc144a5bf8425bad9365.jpg,none,KEEP,No issues found
train,welspun_133782073576596_png_jpg.rf.077ee4331112a73715704d8a1833b27b.jpg,none,KEEP,No issues found
train,welspun_153891499216572_png_jpg.rf.59f92e7bfe29b827e922381d4d85558b.jpg,none,KEEP,No issues found
train,welspun_186421569910593_png_jpg.rf.b060b7cb62c03ebd71623adec043d02a.jpg,none,KEEP,No issues found
train,welspun_246822199543335_png_jpg.rf.74e20c0b6f2298e1e7aa2bb65943a250.jpg,none,KEEP,No issues found
train,welspun_47783012359054_png_jpg.rf.41f4b92e52e67f0180765417a7030897.jpg,none,KEEP,No issues found
train,welspun_49010414466798_png_jpg.rf.d2820c21089a8e2e966f1ad76b2e312f.jpg,none,KEEP,No issues found
train,welspun_77396897643165_png_jpg.rf.499ee8a42f0196d25fadb5d5f079faa2.jpg,none,KEEP,No issues found
train,WhatsApp-Image-2022-11-18-at-1-00-05-AM_jpeg_jpg.rf.788b2aab84ef156fd1011c10070538b3.jpg,none,KEEP,No issues found
train,WhatsApp-Image-2022-11-18-at-1-00-10-AM_jpeg_jpg.rf.10f1b0d489eb8561b55c5759bcc90ec4.jpg,none,KEEP,No issues found
train,WhatsApp-Image-2022-11-18-at-1-00-24-AM_jpeg_jpg.rf.387b30588bbe3102b5194c533f8bd5d5.jpg,none,KEEP,No issues found
train,WhatsApp-Image-2022-11-18-at-1-00-27-AM_jpeg_jpg.rf.18b21a61ac9552e34b68cfda21ed83c5.jpg,none,KEEP,No issues found
train,WhatsApp-Image-2022-11-18-at-1-00-29-AM_jpeg_jpg.rf.cdab794a27dce97840ca9077c5fdc98f.jpg,none,KEEP,No issues found
train,WhatsApp-Image-2022-11-18-at-1-00-32-AM_jpeg_jpg.rf.167f32d82ade8017620bb6c8474818fa.jpg,none,KEEP,No issues found
train,WhatsApp-Image-2023-09-04-at-9-56-17-AM-1-_jpeg_jpg.rf.043e57ded096abb5bfeea72542dc4c59.jpg,none,KEEP,No issues found
train,WhatsApp-Image-2023-09-04-at-9-56-18-AM-1-_jpeg_jpg.rf.baf8b7203066c4007e974cf465dc559b.jpg,none,KEEP,No issues found
train,WhatsApp-Image-2023-09-04-at-9-56-18-AM-1-_jpeg_jpg.rf.e8bf5c4331f35ea5af07d2cb768c6046.jpg,none,KEEP,No issues found
train,WhatsApp-Image-2023-09-04-at-9-56-18-AM-2-_jpeg_jpg.rf.d0ceab4f46fc568559a36265ac0c8221.jpg,none,KEEP,No issues found
train,WhatsApp-Image-2023-09-04-at-9-56-18-AM-2-_jpeg_jpg.rf.d0d639043b05ddf85b0b1d3704b1ddd5.jpg,none,KEEP,No issues found
train,WhatsApp-Image-2023-09-04-at-9-56-18-AM_jpeg_jpg.rf.715ae04ca4e214afb84e767295eacfdd.jpg,none,KEEP,No issues found
train,WhatsApp-Image-2023-09-04-at-9-56-18-AM_jpeg_jpg.rf.9d82500c41b3ec83a9e0a95a09935499.jpg,none,KEEP,No issues found
train,WhatsApp-Image-2023-09-04-at-9-56-19-AM-1-_jpeg_jpg.rf.008339deeff34660b03ad6b16bca56b2.jpg,none,KEEP,No issues found
train,WhatsApp-Image-2023-09-04-at-9-56-19-AM-1-_jpeg_jpg.rf.25d33a158cf80cca8b557e382d499d53.jpg,none,KEEP,No issues found
train,WhatsApp-Image-2023-09-04-at-9-56-19-AM-1-_jpeg_jpg.rf.9d18955232c8689ee9443def1de761aa.jpg,none,KEEP,No issues found
train,WhatsApp-Image-2023-09-04-at-9-56-19-AM_jpeg_jpg.rf.158ac6b9fdf52bc5b3d0cbaeee8db217.jpg,none,KEEP,No issues found
train,WhatsApp-Image-2023-09-04-at-9-56-19-AM_jpeg_jpg.rf.a15a8e1537efaecf6d298763137d0ff1.jpg,none,KEEP,No issues found
train,WhatsApp-Image-2023-09-04-at-9-56-20-AM-1-_jpeg_jpg.rf.68a43f679528202da29bf5078794a707.jpg,none,KEEP,No issues found
train,WhatsApp-Image-2023-09-04-at-9-56-20-AM-1-_jpeg_jpg.rf.69d52dd65e223e4e92c4c6ae89884343.jpg,none,KEEP,No issues found
train,WhatsApp-Image-2023-09-04-at-9-56-20-AM-2-_jpeg_jpg.rf.6dcad01c73d72990631e2d7a27e40f56.jpg,none,KEEP,No issues found
train,WhatsApp-Image-2023-09-04-at-9-56-20-AM-2-_jpeg_jpg.rf.dfb1443b385a0a5198d8ab0833f93fda.jpg,none,KEEP,No issues found
train,WhatsApp-Image-2023-09-04-at-9-56-20-AM_jpeg_jpg.rf.399d40f671bfc52bbbbf4c98afb569dc.jpg,none,KEEP,No issues found
train,WhatsApp-Image-2023-09-04-at-9-56-20-AM_jpeg_jpg.rf.60af4a236fcc60ebce5f6e7a991bd5f2.jpg,none,KEEP,No issues found
train,WhatsApp-Image-2023-09-04-at-9-56-20-AM_jpeg_jpg.rf.d751435f6739481ce5f73bd1d538d7de.jpg,none,KEEP,No issues found
train,WhatsApp-Image-2023-09-04-at-9-56-21-AM-1-_jpeg_jpg.rf.33cd23d4a25ebbef668a32393f0a77dd.jpg,none,KEEP,No issues found
train,WhatsApp-Image-2023-09-04-at-9-56-21-AM_jpeg_jpg.rf.2a1c88492d830629bab02dc4a014817a.jpg,none,KEEP,No issues found
train,WhatsApp-Image-2023-09-04-at-9-56-21-AM_jpeg_jpg.rf.dbb2903677bf29fbef44646551c5d59a.jpg,none,KEEP,No issues found
train,WhatsApp-Image-2023-09-04-at-9-56-21-AM_jpeg_jpg.rf.fb0589645feaccb4407d2c3c8580fa72.jpg,none,KEEP,No issues found
train,WhatsApp-Image-2023-09-04-at-9-56-22-AM-1-_jpeg_jpg.rf.0051e60aae4a1b4e78490569e7d8f9b0.jpg,none,KEEP,No issues found
train,WhatsApp-Image-2023-09-04-at-9-56-22-AM-1-_jpeg_jpg.rf.22be13cf759e64d9ac5a24bbbe19d6e0.jpg,none,KEEP,No issues found
train,WhatsApp-Image-2023-09-04-at-9-56-22-AM-1-_jpeg_jpg.rf.d29aefb283a60648d19239fc483844bd.jpg,none,KEEP,No issues found
train,WhatsApp-Image-2023-09-04-at-9-56-23-AM-1-_jpeg_jpg.rf.38479f20ad1c61ac8996a3782c923fdc.jpg,none,KEEP,No issues found
train,WhatsApp-Image-2023-09-04-at-9-56-23-AM-1-_jpeg_jpg.rf.387f66f3a040e0e9b513053faba5efdc.jpg,none,KEEP,No issues found
train,WhatsApp-Image-2023-09-04-at-9-56-23-AM_jpeg_jpg.rf.32dec20fa4f36da8ed4e0e6216add751.jpg,none,KEEP,No issues found
train,WhatsApp-Image-2023-09-04-at-9-56-24-AM_jpeg_jpg.rf.26513c71e1a3a876d51645dc93ca96cd.jpg,none,KEEP,No issues found
train,WhatsApp-Image-2023-09-04-at-9-56-24-AM_jpeg_jpg.rf.6fb27a1dba34a33e7a40ddbed0dfa1ca.jpg,none,KEEP,No issues found
train,WhatsApp-Image-2023-09-04-at-9-56-24-AM_jpeg_jpg.rf.a80f0ec176493679dfeea78fd57376ee.jpg,none,KEEP,No issues found
train,WhatsApp-Image-2023-09-04-at-9-56-25-AM-1-_jpeg_jpg.rf.1706c283f2f1e39553848dbc4e712a5d.jpg,none,KEEP,No issues found
train,WhatsApp-Image-2023-09-04-at-9-56-25-AM-1-_jpeg_jpg.rf.8321bf369eda34ed854b425674246df9.jpg,none,KEEP,No issues found
train,WhatsApp-Image-2023-09-04-at-9-56-25-AM-1-_jpeg_jpg.rf.8cf182def05f8012fe767cdbaba93764.jpg,none,KEEP,No issues found
train,WhatsApp-Image-2023-09-04-at-9-56-25-AM-2-_jpeg_jpg.rf.1a17ec780955faee49db4cca102f809b.jpg,none,KEEP,No issues found
train,WhatsApp-Image-2023-09-04-at-9-56-25-AM-2-_jpeg_jpg.rf.f27da6f32315c5f2544f6e1cce44d550.jpg,none,KEEP,No issues found
train,WhatsApp-Image-2023-09-04-at-9-56-26-AM_jpeg_jpg.rf.68c629a1a1669e9d5039644c60babd14.jpg,none,KEEP,No issues found
train,WhatsApp-Image-2023-09-04-at-9-56-26-AM_jpeg_jpg.rf.cf0dd0c93d66df749761d615f102a284.jpg,none,KEEP,No issues found
train,WhatsApp-Image-2023-09-04-at-9-56-26-AM_jpeg_jpg.rf.f9617154278449313893d45b831df726.jpg,none,KEEP,No issues found
train,WhatsApp-Image-2023-09-04-at-9-56-27-AM-1-_jpeg_jpg.rf.8b969bd262ac7e5c7b17c40e6b237b28.jpg,none,KEEP,No issues found
train,WhatsApp-Image-2023-09-04-at-9-56-27-AM-1-_jpeg_jpg.rf.acee3505739998c8f853a4a60cee824d.jpg,none,KEEP,No issues found
train,WhatsApp-Image-2023-09-04-at-9-56-28-AM-1-_jpeg_jpg.rf.33ec8b6d51d374df709d47b88c155edc.jpg,none,KEEP,No issues found
train,WhatsApp-Image-2023-09-04-at-9-56-29-AM-1-_jpeg_jpg.rf.53b010862b0172308305caf402e7a723.jpg,none,KEEP,No issues found
train,WhatsApp-Image-2023-09-04-at-9-56-29-AM-2-_jpeg_jpg.rf.794fe1649c1f243c045ff3839ef10802.jpg,none,KEEP,No issues found
train,WhatsApp-Image-2023-09-04-at-9-56-29-AM-2-_jpeg_jpg.rf.fe89311353f64d6250c4642c4aaf3d3a.jpg,none,KEEP,No issues found
train,WhatsApp-Image-2023-09-04-at-9-56-29-AM_jpeg_jpg.rf.e49e9055d9ef7e7ed9330f1a27343f23.jpg,none,KEEP,No issues found
train,WhatsApp-Image-2023-09-04-at-9-56-30-AM-1-_jpeg_jpg.rf.2317cdc4c3635bc712a4133a4ccb58e9.jpg,none,KEEP,No issues found
train,WhatsApp-Image-2023-09-04-at-9-56-30-AM-1-_jpeg_jpg.rf.75fa90538a23b23f12f92b1e158307fb.jpg,none,KEEP,No issues found
train,WhatsApp-Image-2023-09-04-at-9-56-30-AM_jpeg_jpg.rf.597da49707402b5c17332ab80acdd7af.jpg,none,KEEP,No issues found
train,WhatsApp-Image-2023-09-04-at-9-56-31-AM-1-_jpeg_jpg.rf.f6c12560b5f67197023d9cc271472030.jpg,none,KEEP,No issues found
train,WhatsApp-Image-2023-09-04-at-9-56-31-AM-2-_jpeg_jpg.rf.a8aee4ff7d34983b37352cb68489d146.jpg,none,KEEP,No issues found
train,WhatsApp-Image-2023-09-04-at-9-56-31-AM-2-_jpeg_jpg.rf.c55bd7592353cb85de0ad30c418f89f1.jpg,none,KEEP,No issues found
train,WhatsApp-Image-2023-09-04-at-9-56-31-AM_jpeg_jpg.rf.218eb6699f032119586d565531115f1e.jpg,none,KEEP,No issues found
train,WhatsApp-Image-2023-09-04-at-9-56-31-AM_jpeg_jpg.rf.c3fcaf8df74b580672f2cfa74bdbe7d1.jpg,none,KEEP,No issues found
train,WhatsApp-Image-2023-09-04-at-9-56-31-AM_jpeg_jpg.rf.d7342cd29d148e9da5fb59f4f8794140.jpg,none,KEEP,No issues found
train,WhatsApp-Image-2023-09-04-at-9-56-32-AM-2-_jpeg_jpg.rf.6cd922c66624a90d427bb0f0abbcc534.jpg,none,KEEP,No issues found
train,WhatsApp-Image-2023-09-04-at-9-56-32-AM-2-_jpeg_jpg.rf.71966c3bdd71108349e6a6eb68bd9c39.jpg,none,KEEP,No issues found
train,WhatsApp-Image-2023-09-04-at-9-56-32-AM-2-_jpeg_jpg.rf.8b032a014f346c298f07abbf6cabd207.jpg,none,KEEP,No issues found
train,WhatsApp-Image-2023-09-04-at-9-56-32-AM_jpeg_jpg.rf.40bea28529889b5d7e04edee07e427ad.jpg,none,KEEP,No issues found
train,WhatsApp-Image-2023-09-04-at-9-56-32-AM_jpeg_jpg.rf.b678ef0f49710a86476ce211bf0ec9f0.jpg,none,KEEP,No issues found
train,WhatsApp-Image-2023-09-04-at-9-56-32-AM_jpeg_jpg.rf.edf1c72d187c04c8fcbff66e34a03d3b.jpg,none,KEEP,No issues found
train,WhatsApp-Image-2023-09-04-at-9-56-33-AM_jpeg_jpg.rf.e785a280837c30e230036bba8f6e435c.jpg,none,KEEP,No issues found
train,WhatsApp-Image-2023-09-04-at-9-56-34-AM-1-_jpeg_jpg.rf.113892a126ce5469801f2ff1bf806d86.jpg,none,KEEP,No issues found
train,WhatsApp-Image-2023-09-04-at-9-56-34-AM-1-_jpeg_jpg.rf.c4e1c9d6d912580bb071fc313d238388.jpg,none,KEEP,No issues found
train,WhatsApp-Image-2023-09-04-at-9-56-34-AM_jpeg_jpg.rf.188afd518becee99ae607ae0016d4ca1.jpg,none,KEEP,No issues found
train,WhatsApp-Image-2023-09-04-at-9-56-35-AM_jpeg_jpg.rf.796c5b5a259362a124750f47eb13d016.jpg,none,KEEP,No issues found
train,WhatsApp-Image-2023-09-04-at-9-56-35-AM_jpeg_jpg.rf.fee389cdaa6ac08fe67672f7bb83d16b.jpg,none,KEEP,No issues found
valid,00002838_jpg.rf.afe37bdad2c625ff94c894d3040cabc1.jpg,none,KEEP,No issues found
valid,00002860_jpg.rf.b932a5e2e858e657cffebab6f2fd4b23.jpg,none,KEEP,No issues found
valid,00003937_jpg.rf.a7ae0731f2f4823550846630e5a60ab4.jpg,none,KEEP,No issues found
valid,00004261_jpg.rf.8ade54d25d0b4841d4d2bb0880378a9a.jpg,none,KEEP,No issues found
valid,006671_jpg.rf.58aced1af1af3c2de5de3c59d2f7d277.jpg,none,KEEP,No issues found
valid,006679_jpg.rf.9722b7c48a9b800a742fd471db33a8db.jpg,none,KEEP,No issues found
valid,006861_jpg.rf.2bba3952d2019ba9bda1f626884032f8.jpg,none,KEEP,No issues found
valid,006874_jpg.rf.28e03710e312ec9d62ce9213cb415bc2.jpg,none,KEEP,No issues found
valid,006877_jpg.rf.2a73878e08af421ef1acb0b6baf715be.jpg,none,KEEP,No issues found
valid,006889_jpg.rf.69013e4bc80faadccba723ba23d51083.jpg,none,KEEP,No issues found
valid,006898_jpg.rf.a53ac895e012cd024a0e303205e4af4f.jpg,none,KEEP,No issues found
valid,006967_jpg.rf.d00bd793f2ea51b09571772396b17d81.jpg,none,KEEP,No issues found
valid,007065_jpg.rf.3768d07445094946f78899bad222a168.jpg,none,KEEP,No issues found
valid,025675_jpg.rf.9047a836bc79242723fff53cafd36cd2.jpg,none,KEEP,No issues found
valid,1318_jpg.rf.1a42fe521da7baa413a9eadeb58f42f4.jpg,none,KEEP,No issues found
valid,1667074431280_jpg.rf.ce359c50c881f98fc7bfe874d344ecde.jpg,none,KEEP,No issues found
valid,2021_09_28-22_26_00_562728_jpg.rf.f17e3cac6d7710b5c2e3f840885337ed.jpg,none,KEEP,No issues found
valid,2021_09_28-22_31_04_525581_jpg.rf.f15ec9330e6b1d3637c5296dc27b6bd1.jpg,none,KEEP,No issues found
valid,2021_09_28-22_35_58_392919_jpg.rf.d3fb2f41c6fa07f66f02c82bcd85f0b8.jpg,none,KEEP,No issues found
valid,2021_09_28-23_10_55_663031_jpg.rf.4488fae05951e4c0be0d3e2bbdf48ec7.jpg,none,KEEP,No issues found
valid,20230712_141333_jpeg_jpg.rf.1d63531c563d3527b3ae431da227ac14.jpg,none,KEEP,No issues found
valid,20230712_141333_jpeg_jpg.rf.250f20f6b071812f300bbaca1b1d377e.jpg,none,KEEP,No issues found
valid,20230712_141421_jpeg_jpg.rf.a2c52e2abc24df156723c7ab208c72d9.jpg,none,KEEP,No issues found
valid,20230712_141427_jpeg_jpg.rf.a01c8bdd198eb4f556eee37feaa3199c.jpg,none,KEEP,No issues found
valid,20230712_141549_jpeg_jpg.rf.3db756e4c3109e1af08ff71e88a64abf.jpg,none,KEEP,No issues found
valid,20230712_141549_jpeg_jpg.rf.cc4b6487cbeda31db402cd1c020c5354.jpg,none,KEEP,No issues found
valid,20230712_141650_jpeg_jpg.rf.50928b231d2ac0b61f3215464a7a203c.jpg,none,KEEP,No issues found
valid,20230712_141650_jpeg_jpg.rf.c8f1a2f501857a950c92cba84ba2db55.jpg,none,KEEP,No issues found
valid,20230712_141652_jpeg_jpg.rf.a7fcee424af7957dd6f8c952a8b45d84.jpg,none,KEEP,No issues found
valid,20230712_141652_jpeg_jpg.rf.faf4cdb83f179ef895b18ad457267ef1.jpg,none,KEEP,No issues found
valid,20230712_141654_jpeg_jpg.rf.cff13a97a79293d9cdfbe9d1a8ca0609.jpg,none,KEEP,No issues found
valid,20230712_142116_jpeg_jpg.rf.f2971497410d26042ecbd67cc8d3b1b8.jpg,none,KEEP,No issues found
valid,20230712_142252_jpeg_jpg.rf.d69d64549c77c9a8759f04e100127b36.jpg,none,KEEP,No issues found
valid,20230712_151759_jpeg_jpg.rf.ddd7273541c30edd2596115bea5a4b89.jpg,none,KEEP,No issues found
valid,20230712_160013_jpeg_jpg.rf.6f527695737574dbe54b689c400bcb4a.jpg,none,KEEP,No issues found
valid,20230712_160016_jpeg_jpg.rf.23c8a9cbc7d6a1500a0998660f0b1b48.jpg,none,KEEP,No issues found
valid,20230712_160018_jpeg_jpg.rf.774b02468ce7ce2df2070080a99d5d61.jpg,none,KEEP,No issues found
valid,20230712_160021_jpeg_jpg.rf.742865c8bf6e3f4ae273a5ba69cb325c.jpg,none,KEEP,No issues found
valid,20230712_160751_jpeg_jpg.rf.b3791024a640b94df633f9754d7098e0.jpg,none,KEEP,No issues found
valid,20230712_160907_jpeg_jpg.rf.853234641ab33de729d2daa4c1e8971d.jpg,none,KEEP,No issues found
valid,20230712_160907_jpeg_jpg.rf.960406225cf849faa77b9cbc288ea13a.jpg,none,KEEP,No issues found
valid,20230712_163815_jpeg_jpg.rf.c4a588397d745065d43d9887bd16bd68.jpg,none,KEEP,No issues found
valid,20230712_163817_jpeg_jpg.rf.cabae1585110c438295c9cf79eb8aa0a.jpg,none,KEEP,No issues found
valid,20230712_163817_jpeg_jpg.rf.d4ef9b2982bd9ab412acc4e48acdbf2a.jpg,none,KEEP,No issues found
valid,20230718_101432_jpeg_jpg.rf.1679243de7db98477373f8405d1a3593.jpg,none,KEEP,No issues found
valid,20230718_101432_jpeg_jpg.rf.46aba1f901aee5ac1ade762eb288c815.jpg,none,KEEP,No issues found
valid,20230718_101432_jpeg_jpg.rf.7189e7b8246a0d910cba2dc5ae240129.jpg,none,KEEP,No issues found
valid,20230718_101432_jpeg_jpg.rf.bb74a99bf390ce57062f3ce02607a8e8.jpg,none,KEEP,No issues found
valid,20230718_101443_jpeg_jpg.rf.14485162557816fc1bbf77d6c23359f6.jpg,none,KEEP,No issues found
valid,20230718_101443_jpeg_jpg.rf.2733b27665ef82fc96fe5a9eb244420d.jpg,none,KEEP,No issues found
valid,20230718_101443_jpeg_jpg.rf.e8ce29ffa59f680db206c5332caa40a7.jpg,none,KEEP,No issues found
valid,20230718_101954_jpeg_jpg.rf.35c9b2855c9df487df5185b404b278e1.jpg,none,KEEP,No issues found
valid,20230718_101954_jpeg_jpg.rf.70f80e0491fafcb406b452f1d67d745b.jpg,none,KEEP,No issues found
valid,20230718_113519_jpeg_jpg.rf.f36031624862c73d7e398ec1979000b7.jpg,none,KEEP,No issues found
valid,20230718_114333_jpeg_jpg.rf.505742c3ee315eb19e8350fe6535c9e2.jpg,none,KEEP,No issues found
valid,20230718_114333_jpeg_jpg.rf.c5e166baa3adc355bae6c6aee6e34668.jpg,none,KEEP,No issues found
valid,20230718_124319_jpeg_jpg.rf.20e203483d8319a60905961297fd920a.jpg,none,KEEP,No issues found
valid,20230719_100206_jpeg_jpg.rf.ae954514ecd0614d231ba7b981271825.jpg,none,KEEP,No issues found
valid,20230719_100213_jpeg_jpg.rf.fdccde78b87eb14d7e6a623c1fb92fdb.jpg,none,KEEP,No issues found
valid,20230719_100220_jpeg_jpg.rf.e0c74aec71b8db09b29f40fed057eabd.jpg,none,KEEP,No issues found
valid,20230719_100240_jpeg_jpg.rf.676bb723bc7659e77f400b044b125f86.jpg,none,KEEP,No issues found
valid,20230719_100240_jpeg_jpg.rf.bbe7aaec35d3213e1c12e28042f4a240.jpg,none,KEEP,No issues found
valid,20230719_100240_jpeg_jpg.rf.f2c4d8cae8363b60ecf04882d4ca3e57.jpg,none,KEEP,No issues found
valid,20230719_100704_jpeg_jpg.rf.87a91ba6b3250ffea13a5425f4f167e4.jpg,none,KEEP,No issues found
valid,20230719_100704_jpeg_jpg.rf.c0a95ad4004c32f17e1d59ba88a41bba.jpg,none,KEEP,No issues found
valid,20230719_101243_jpeg_jpg.rf.b80852f52e7b4754326e14ac3c813e96.jpg,none,KEEP,No issues found
valid,20230719_101243_jpeg_jpg.rf.f0e15e1c95a361a0421d46e4ebb66e0b.jpg,none,KEEP,No issues found
valid,20230719_101715_jpeg_jpg.rf.3cf01a59e78c22778faa3b5b36261172.jpg,none,KEEP,No issues found
valid,20230719_101715_jpeg_jpg.rf.7801642ada012bc8f28ce327bb491264.jpg,none,KEEP,No issues found
valid,20230719_101715_jpeg_jpg.rf.e3e1754f126138f35a2d9c363ebc4cea.jpg,none,KEEP,No issues found
valid,20230719_103719_jpeg_jpg.rf.8837966c1509645b9e7b1993b32d3ed3.jpg,none,KEEP,No issues found
valid,20230719_103719_jpeg_jpg.rf.d4edc50d62895654b2602cd3dad8267e.jpg,none,KEEP,No issues found
valid,20230719_104130_jpeg_jpg.rf.d3e4073e8f9cc875e2e37958879069af.jpg,none,KEEP,No issues found
valid,20230719_104130_jpeg_jpg.rf.da1078c6a57601e9e29404d3e5c45373.jpg,none,KEEP,No issues found
valid,20230719_105832_jpeg_jpg.rf.97f6041e9aeb50892194363f0802bbbb.jpg,none,KEEP,No issues found
valid,20230719_105832_jpeg_jpg.rf.ad99901a09da552e70189110ccfd193d.jpg,none,KEEP,No issues found
valid,20230719_110135_jpeg_jpg.rf.e78bf1ecb7d274b8641a26a1ae9b0e7b.jpg,none,KEEP,No issues found
valid,20230719_110621_jpeg_jpg.rf.4b7c31b7d30d110a45d8acf2d38f3379.jpg,none,KEEP,No issues found
valid,20230719_110621_jpeg_jpg.rf.7fbd4d47f9d8560475725268552afa52.jpg,none,KEEP,No issues found
valid,20230719_111446_jpeg_jpg.rf.570a03ecf667c4b8a0880e9a4a00dc83.jpg,none,KEEP,No issues found
valid,20230719_121553_jpeg_jpg.rf.00eac6c7af37bb12a2e89e12a49fe7b6.jpg,none,KEEP,No issues found
valid,20230719_121602_jpeg_jpg.rf.3389bff2b8f01c87dea530b57766a0b8.jpg,none,KEEP,No issues found
valid,20230719_121602_jpeg_jpg.rf.bcb522b4221199e442eb729e48cba1d4.jpg,none,KEEP,No issues found
valid,20230719_121602_jpeg_jpg.rf.cc6af8605316432c52c504cb55a254dd.jpg,none,KEEP,No issues found
valid,20230719_121610_jpeg_jpg.rf.e310210006a501eef78badca4678160c.jpg,none,KEEP,No issues found
valid,20230719_121612_jpeg_jpg.rf.a1097dc12e8bc5ce334f7599875f2a0c.jpg,none,KEEP,No issues found
valid,20230719_121612_jpeg_jpg.rf.b8dd0be521582eb7a7e633ca7e52b6f2.jpg,none,KEEP,No issues found
valid,20230719_121621_jpeg_jpg.rf.ec39f7b51e2eef91151711f487bb0302.jpg,none,KEEP,No issues found
valid,20230719_121659_jpeg_jpg.rf.66c6d63d2b9c73fb5b0d8421f5fbebf4.jpg,none,KEEP,No issues found
valid,20230719_121704_jpeg_jpg.rf.1143eefabfea46e08293ace04f0fa800.jpg,none,KEEP,No issues found
valid,20230719_122926_jpeg_jpg.rf.235f3eb43141b8c3ba8c699d166605b2.jpg,none,KEEP,No issues found
valid,20230719_122926_jpeg_jpg.rf.3c09cf2c4ca75027f62a35f8df40671d.jpg,none,KEEP,No issues found
valid,20230719_123833_jpeg_jpg.rf.91495903ce70e22b634b89b711708d44.jpg,none,KEEP,No issues found
valid,20230719_140834_jpeg_jpg.rf.3c1cc2f2351f4a4965492929a4471dd4.jpg,none,KEEP,No issues found
valid,20230719_140839_jpeg_jpg.rf.dd9fe580662b8d4ee62f6cddd6b6f20e.jpg,none,KEEP,No issues found
valid,20230719_141054_jpeg_jpg.rf.cee93591c34a7ee531dec215712ca534.jpg,none,KEEP,No issues found
valid,20230719_150010_jpeg_jpg.rf.f7f6d62dc1d36fe77a8eb3cc9dcd7559.jpg,none,KEEP,No issues found
valid,20230719_152652_jpeg_jpg.rf.706302d1ab87a8381b0d37c171ee0600.jpg,none,KEEP,No issues found
valid,20230719_152654_jpeg_jpg.rf.527d8db0f5da960702894c13178e351a.jpg,none,KEEP,No issues found
valid,418_jpg.rf.9fe997b8b44033a5d39c95a82654135d.jpg,none,KEEP,No issues found
valid,a00096_jpg.rf.9e83471c5f06eea387bda3643a957c7a.jpg,none,KEEP,No issues found
valid,augmented_00002841_jpg.rf.915fe6a8e5db74ab7564d8fc478380e3.jpg,none,KEEP,No issues found
valid,augmented_00003812_jpg.rf.508f93720c41a6d5ee2df17c5ef82aed.jpg,none,KEEP,No issues found
valid,augmented_00004756_jpg.rf.c6ba1be1d66a151d0a43dbf28eef101d.jpg,none,KEEP,No issues found
valid,augmented_006861_jpg.rf.dbda3c9e4be8ec3eb48a70a896ed864d.jpg,none,KEEP,No issues found
valid,augmented_006862_jpg.rf.13bf2ac9e70f39db3fa3f2d3acf6ff76.jpg,none,KEEP,No issues found
valid,augmented_006889_jpg.rf.390b9ff527fd9c55dc4f78c62a18d359.jpg,none,KEEP,No issues found
valid,augmented_2021_09_28-22_49_19_026139_jpg.rf.8a1ff1c0fc23108f844728b255d2ada4.jpg,none,KEEP,No issues found
valid,augmented_a00011_jpg.rf.c03215936fd7b37dc8fd4374275c5651.jpg,none,KEEP,No issues found
valid,augmented_a00096_jpg.rf.cf75fa0fdc46f87aad094f0cc5929167.jpg,none,KEEP,No issues found
valid,augmented_cloth-hole-old-small-48322188-transformed_jpeg_jpg.rf.56ef1c6d51ae2fa794fa29c441e9dcc7.jpg,none,KEEP,No issues found
valid,augmented_Fabric5_jpg.rf.c04ae1ab47c227a4e0f7aebe6c74a4b6.jpg,none,KEEP,No issues found
valid,augmented_IMG20230906165931_jpg.rf.8c5b202791c514ddda8238bf3a37bcf8.jpg,none,KEEP,No issues found
valid,augmented_istockphoto-1046431096-1024x1024-transformed_jpeg_jpg.rf.0029d0ed6e60ba08cc63da13755ba4e2.jpg,none,KEEP,No issues found
valid,augmented_photo_2023-11-19_18-10-50_jpg.rf.a40409dd1c6cb6c27d2fbeb6de6fb64f.jpg,none,KEEP,No issues found
valid,augmented_photo_2023-11-19_18-10-52_jpg.rf.cae13394ae6ab124dfaf45a8bb43017a.jpg,none,KEEP,No issues found
valid,augmented_topbasi-12-_JPG_jpg.rf.24966ae37fec11f209230912375ff137.jpg,none,KEEP,No issues found
valid,augmented_topbasi-14-_JPG_jpg.rf.ea7a159897bc1716c4d110a742083199.jpg,none,KEEP,No issues found
valid,augmented_topbasi-20-_jpg.rf.1fb50cc9243e8e9b466b1f63ee3eed18.jpg,none,KEEP,No issues found
valid,augmented_topbasi-21-_jpg.rf.c37dc27c096e8a2ee56b6591898a5098.jpg,none,KEEP,No issues found
valid,augmented_topbasi-22-_jpg.rf.20403310f9d4f41b444e3e695d310a54.jpg,none,KEEP,No issues found
valid,augmented_topbasi-24-_jpg.rf.398e1bb0064fabc83d9ea5114e2144a3.jpg,none,KEEP,No issues found
valid,augmented_topbasi-24-_jpg.rf.80ac0241f0d92841de31016f093b0373.jpg,none,KEEP,No issues found
valid,augmented_topbasi-27-_jpg.rf.5a01777a8040bb4d89c69199ce4f763d.jpg,none,KEEP,No issues found
valid,augmented_topbasi-28-_jpg.rf.3854f3fef56e150116c9d5516c7442a2.jpg,none,KEEP,No issues found
valid,augmented_topbasi-35-_jpg.rf.44be925c88b271699b3c2aa5717e4624.jpg,none,KEEP,No issues found
valid,augmented_topbasi-4-_jpg.rf.c6f343dcda7b46b035145df60fd87bc9.jpg,none,KEEP,No issues found
valid,augmented_topbasi-8-_jpg.rf.c602c2c9becfff64270326a8b9af1734.jpg,none,KEEP,No issues found
valid,augmented_welspun_153891499216572_png_jpg.rf.238a5e58a50f687f1ca5d3e0e2552ca0.jpg,none,KEEP,No issues found
valid,augmented_welspun_166742126855702_png_jpg.rf.0a6450857172e04b2be21986bdaea7d6.jpg,none,KEEP,No issues found
valid,augmented_welspun_189413299413589_png_jpg.rf.23584bc7a2a06d7485a588f70ad98065.jpg,none,KEEP,No issues found
valid,augmented_welspun_210719101430759_png_jpg.rf.35e872da5f5c00b6a8540df0a4c774aa.jpg,none,KEEP,No issues found
valid,augmented_welspun_246822199543335_png_jpg.rf.adcc918ee05a3997f97a3edc3c3b126c.jpg,none,KEEP,No issues found
valid,augmented_WhatsApp-Image-2022-11-18-at-1-00-05-AM_jpeg_jpg.rf.3fbcbb107d2cf32c10bb64f13b52d44a.jpg,none,KEEP,No issues found
valid,augmented_WhatsApp-Image-2022-11-18-at-1-00-10-AM_jpeg_jpg.rf.216ee7063260dacfb3c515ea8dee75d9.jpg,none,KEEP,No issues found
valid,Fab_20231003_105156_jpg.rf.090091b746a5480dae971bb936a63a23.jpg,none,KEEP,No issues found
valid,Fab_20231004_115921_jpg.rf.4c505c986b38adc5295af183e3551e5e.jpg,none,KEEP,No issues found
valid,Fab_20231005_150248_jpg.rf.dc6ab5e6d20d04f328728a8427d0c3f8.jpg,none,KEEP,No issues found
valid,IMG-20230803-WA0026_jpg.rf.bcac759e55a7ae2751284f2ed847ac04.jpg,none,KEEP,No issues found
valid,IMG-20230803-WA0029_jpg.rf.42fcad1579ea5b2bf208baad6ab3e84e.jpg,none,KEEP,No issues found
valid,IMG-20230803-WA0037_jpg.rf.e609a4b398d0e581ed61f32fa1c284a5.jpg,none,KEEP,No issues found
valid,IMG-20230803-WA0041_jpg.rf.eabb757a7ed865a6bd4e10213870c27c.jpg,none,KEEP,No issues found
valid,IMG-20230803-WA0043_jpg.rf.4a7fc25d63094df1086c937530be065d.jpg,none,KEEP,No issues found
valid,IMG-20230803-WA0044_jpg.rf.25be0d4594adbdacc37a0098ca28b730.jpg,none,KEEP,No issues found
valid,IMG-20230803-WA0045_jpg.rf.d668cdb4d89ef92e81dc2d1114f4fcdb.jpg,none,KEEP,No issues found
valid,IMG-20230803-WA0046_jpg.rf.1c04c4295558de13514c3ee07bc46b8f.jpg,none,KEEP,No issues found
valid,IMG-20230803-WA0046_jpg.rf.d83ebfd2f5ce2a8dba7de93bb4950d5a.jpg,none,KEEP,No issues found
valid,IMG-20230803-WA0048_jpg.rf.a7406be5e024300a09ad2f295bbdd251.jpg,none,KEEP,No issues found
valid,IMG-20230803-WA0054_jpg.rf.440e67f9e7d11ab8a4e917d02f81df29.jpg,none,KEEP,No issues found
valid,IMG-20230803-WA0054_jpg.rf.a4c77de2fcea75f3b2a1d8fd857766c1.jpg,none,KEEP,No issues found
valid,IMG-20230803-WA0065_jpg.rf.6f606c8ea18da3501b5512d1fc1f6755.jpg,none,KEEP,No issues found
valid,IMG-20230807-WA0026_jpg.rf.8bcd641251248f2dfa87bc8c65477aea.jpg,none,KEEP,No issues found
valid,IMG-20230807-WA0026_jpg.rf.8eb1f76df5b4c9fac423642edc5eae5b.jpg,none,KEEP,No issues found
valid,IMG-20230807-WA0027_jpg.rf.6bc6eb41dfe7c12d1ad83e5be35d7c3b.jpg,none,KEEP,No issues found
valid,IMG-20230807-WA0027_jpg.rf.6f11c1fef0560dd09b4f50f682f2d4e2.jpg,none,KEEP,No issues found
valid,IMG-20230807-WA0029_jpg.rf.e413892eeb5ab0cc0ae48f654615fdc1.jpg,none,KEEP,No issues found
valid,IMG-20230807-WA0045_jpg.rf.247ff013ad03936fcac33899405771f8.jpg,none,KEEP,No issues found
valid,IMG-20230808-WA0040_jpg.rf.34d6265aa753bb0b07535ee0849bd220.jpg,none,KEEP,No issues found
valid,IMG-20230808-WA0040_jpg.rf.631934f05a5933d2eec95b525030ee5e.jpg,none,KEEP,No issues found
valid,IMG-20230808-WA0040_jpg.rf.e8e8409906f716856ea50b371f8d20f7.jpg,none,KEEP,No issues found
valid,IMG-20230808-WA0041_jpg.rf.49eafccec67b1f35a812cff75abf617b.jpg,none,KEEP,No issues found
valid,IMG-20230808-WA0042_jpg.rf.879d03512c176b2c92dac9690cc1cbe5.jpg,none,KEEP,No issues found
valid,IMG-20230808-WA0042_jpg.rf.b25e4069fa193e167a6e94c02dd34729.jpg,none,KEEP,No issues found
valid,IMG-20230808-WA0043_jpg.rf.e94cf0878be7541c97aefa9f1c519614.jpg,none,KEEP,No issues found
valid,IMG-20230808-WA0044_jpg.rf.be61d59dc52c701fbd16bc020c0d6353.jpg,none,KEEP,No issues found
valid,IMG-20230808-WA0045_jpg.rf.0168f2a4f05743210687d16351e77bde.jpg,none,KEEP,No issues found
valid,IMG-20230808-WA0045_jpg.rf.93e050351868f9c3d26da36f5c5b0d6e.jpg,none,KEEP,No issues found
valid,IMG-20230808-WA0045_jpg.rf.f42327a9652da50383e0e038dc43ecba.jpg,none,KEEP,No issues found
valid,IMG-20230808-WA0051_jpg.rf.c8115b71708e3dbc257762db8a4faca6.jpg,none,KEEP,No issues found
valid,IMG-20230808-WA0056_jpg.rf.e122be4976b8d8d2a69a0d6f63e6e6ec.jpg,none,KEEP,No issues found
valid,IMG-20230808-WA0057_jpg.rf.b53163da50820eb9ca9f1120eeecfc11.jpg,none,KEEP,No issues found
valid,IMG-20230809-WA0061_jpg.rf.14b5e449cde4f5a6f7b4f0ee138a5e24.jpg,none,KEEP,No issues found
valid,IMG-20230809-WA0064_jpg.rf.04bdb4de2515cb40cad5fcaf760dc5f4.jpg,none,KEEP,No issues found
valid,IMG-20230809-WA0065_jpg.rf.093f90e950f3a5cd40c50075c00561ec.jpg,none,KEEP,No issues found
valid,IMG-20230809-WA0065_jpg.rf.411203009b8ca6fed523d899baf84fcb.jpg,none,KEEP,No issues found
valid,IMG-20230809-WA0065_jpg.rf.bb10003a15f9fef1ba9ed600503980d6.jpg,none,KEEP,No issues found
valid,IMG-20230809-WA0076_jpg.rf.9588a0e6e1e7a22e433a86bc79e3e6af.jpg,none,KEEP,No issues found
valid,IMG-20230809-WA0078_jpg.rf.4462fc08959f81fdfac9d7adc89cf099.jpg,none,KEEP,No issues found
valid,IMG-20230809-WA0080_jpg.rf.5b9f2757bcdc3d355b602bb188a4b2c3.jpg,none,KEEP,No issues found
valid,IMG-20230809-WA0083_jpg.rf.1ab99201dc01f3145dd70349684b00e9.jpg,none,KEEP,No issues found
valid,IMG-20230809-WA0083_jpg.rf.7aef6ea5033c6fc4f66341f95678bd4d.jpg,none,KEEP,No issues found
valid,IMG-20230809-WA0083_jpg.rf.a8c14433d80a45a2348b519a650a3dfa.jpg,none,KEEP,No issues found
valid,IMG-20230809-WA0084_jpg.rf.843e57edf2db0b60c9e871fffd40f019.jpg,none,KEEP,No issues found
valid,IMG-20230809-WA0085_jpg.rf.e4f081ebfc5f819726372f77b8505361.jpg,none,KEEP,No issues found
valid,IMG-20230809-WA0088_jpg.rf.006532755fae21a2c7fc03c188a3c5b8.jpg,none,KEEP,No issues found
valid,IMG-20230809-WA0093_jpg.rf.916ea5636fdc9e2451ac3e6338678f19.jpg,none,KEEP,No issues found
valid,IMG-20230816-WA0027_jpg.rf.6686ed5f0f428a963081c0ca166d71a1.jpg,none,KEEP,No issues found
valid,IMG-20230816-WA0027_jpg.rf.b0be51ada9f33c7f92d5a1758e49abe0.jpg,none,KEEP,No issues found
valid,IMG-20230817-WA0057_jpg.rf.0c6aa4f4f95ca61912d79efae3e91fdd.jpg,none,KEEP,No issues found
valid,IMG-20230817-WA0059_jpg.rf.0c1377e09d31a01152736f046347357c.jpg,none,KEEP,No issues found
valid,IMG-20230817-WA0059_jpg.rf.210346fc4ef7aea8139cff0f27886636.jpg,none,KEEP,No issues found
valid,IMG-20230817-WA0059_jpg.rf.a859fec9de590a12b5972a88f9809795.jpg,none,KEEP,No issues found
valid,IMG-20230817-WA0060_jpg.rf.303225d63c233dcac5011c1ac3947fd3.jpg,none,KEEP,No issues found
valid,IMG-20230817-WA0060_jpg.rf.4b2e7de9b7bdcabd5272a153c0baece6.jpg,none,KEEP,No issues found
valid,IMG-20230817-WA0060_jpg.rf.a3db2807429b209f2c4d63b20087bd24.jpg,none,KEEP,No issues found
valid,IMG-20230817-WA0065_jpg.rf.50a5eeca65ae62ae97d00450aa64477a.jpg,none,KEEP,No issues found
valid,IMG-20230817-WA0072_jpg.rf.4449bea03381b90808f2e41a31230d3d.jpg,none,KEEP,No issues found
valid,IMG-20230817-WA0073_jpg.rf.c457a8f81a5ac3fd6a674a3192174241.jpg,none,KEEP,No issues found
valid,IMG-20230817-WA0075_jpg.rf.0ebcac905c389635bddb3ea8c9db83ca.jpg,none,KEEP,No issues found
valid,IMG-20230817-WA0075_jpg.rf.1186f2f970c122bbf784c824630c91dc.jpg,none,KEEP,No issues found
valid,IMG-20230817-WA0075_jpg.rf.e8ca67b8c0c3dae8cd1b4b7ee434f420.jpg,none,KEEP,No issues found
valid,IMG-20230817-WA0076_jpg.rf.2467914658d1e4e83426d8587e994625.jpg,none,KEEP,No issues found
valid,IMG-20230817-WA0076_jpg.rf.7f8cce1fb2a818ac66bcb7480c24ab19.jpg,none,KEEP,No issues found
valid,IMG-20230817-WA0077_jpg.rf.34047f084d69f56a102e6276595a944f.jpg,none,KEEP,No issues found
valid,IMG-20230817-WA0078_jpg.rf.b2868c292f08ee396a5d670376809a37.jpg,none,KEEP,No issues found
valid,IMG-20230817-WA0079_jpg.rf.ab4b0331c2318e0a2add2ffe9f4b37db.jpg,none,KEEP,No issues found
valid,IMG-20230817-WA0080_jpg.rf.d6d7e76428d2204d34599fd341093b7c.jpg,none,KEEP,No issues found
valid,IMG-20230817-WA0081_jpg.rf.07cc666825b46d98f845f6c0e69d3527.jpg,none,KEEP,No issues found
valid,IMG-20230817-WA0081_jpg.rf.83a4f7d1b3a60055fc520d32cfedf096.jpg,none,KEEP,No issues found
valid,IMG-20230817-WA0081_jpg.rf.9402e0409f930a8485fb9cfcb55fbe63.jpg,none,KEEP,No issues found
valid,IMG-20230817-WA0082_jpg.rf.8ab82f407028cd76fd673e36baa56bb5.jpg,none,KEEP,No issues found
valid,IMG-20230817-WA0084_jpg.rf.8fbfe3ef0111d8562ae88af5bacf7aa2.jpg,none,KEEP,No issues found
valid,IMG-20230817-WA0084_jpg.rf.eb7fa08a3dbcbed90f57c28aa430aca3.jpg,none,KEEP,No issues found
valid,IMG-20230817-WA0085_jpg.rf.6db3b706fd48d0f368c871d0ac8e39f1.jpg,none,KEEP,No issues found
valid,IMG-20230817-WA0092_jpg.rf.993ef99858c645281eb9468e69d09276.jpg,none,KEEP,No issues found
valid,IMG-20230817-WA0092_jpg.rf.cc1456eae16cf2955149cc4aa654c991.jpg,none,KEEP,No issues found
valid,IMG-20230818-WA0044_jpg.rf.95026b8b2e4d662922e27cec36d6e364.jpg,none,KEEP,No issues found
valid,IMG-20230818-WA0045_jpg.rf.4320ce33fe63daad0e7bd3042e00e007.jpg,none,KEEP,No issues found
valid,IMG-20230818-WA0046_jpg.rf.a6428967d146ef90464da0d9bc819c5e.jpg,none,KEEP,No issues found
valid,IMG-20230818-WA0050_jpg.rf.1ed8ddddb3f1137b350d6a825904903c.jpg,none,KEEP,No issues found
valid,IMG-20230818-WA0050_jpg.rf.9e0bfff2c536fd1c5d2aacbaef3afe09.jpg,none,KEEP,No issues found
valid,IMG-20230818-WA0052_jpg.rf.273e10028e18529d057a6f316d8c0f52.jpg,none,KEEP,No issues found
valid,IMG-20230818-WA0052_jpg.rf.5455510ba254316727f8d93d8bbbc35f.jpg,none,KEEP,No issues found
valid,IMG-20230818-WA0053_jpg.rf.d9a40eb9ad2bab73d86d047f65b2a878.jpg,none,KEEP,No issues found
valid,IMG-20230818-WA0057_jpg.rf.411bd031873a25749adc095061c790a4.jpg,none,KEEP,No issues found
valid,IMG-20230818-WA0057_jpg.rf.bd8c2089c3e2a49cb8504b9d045c68d0.jpg,none,KEEP,No issues found
valid,IMG-20230818-WA0058_jpg.rf.a832ec8c9a92ef875e63bd6c7e1e6264.jpg,none,KEEP,No issues found
valid,IMG-20230818-WA0059_jpg.rf.adfe9f5e196783f65857b2f34e62e18d.jpg,none,KEEP,No issues found
valid,IMG-20230818-WA0064_jpg.rf.747429769e139c1f1d89547bbbe8462e.jpg,none,KEEP,No issues found
valid,IMG-20230818-WA0065_jpg.rf.4253f9e85641d7b8af9517b8853d1c24.jpg,none,KEEP,No issues found
valid,IMG-20230818-WA0066_jpg.rf.73cfd9dfc9d03087a163c426d7e22894.jpg,none,KEEP,No issues found
valid,IMG-20230818-WA0072_jpg.rf.a357f83a70ddee7d957b5aa54d8c808e.jpg,none,KEEP,No issues found
valid,IMG-20230818-WA0073_jpg.rf.5c5bf016945c9c8ac6cef79243d75057.jpg,none,KEEP,No issues found
valid,IMG-20230818-WA0075_jpg.rf.a94d4edc455a6053868e9185b5811e67.jpg,none,KEEP,No issues found
valid,IMG-20230818-WA0079_jpg.rf.61359b0799f867f60602fb6fef251518.jpg,none,KEEP,No issues found
valid,IMG-20230818-WA0081_jpg.rf.a5ef012ee823647794d260a3266dd7c2.jpg,none,KEEP,No issues found
valid,IMG-20230818-WA0082_jpg.rf.5f642730f66cc06f72688be83f3fb814.jpg,none,KEEP,No issues found
valid,IMG-20230818-WA0083_jpg.rf.1df59a15d54cc18ea97633a5fc5e28b5.jpg,none,KEEP,No issues found
valid,IMG-20230818-WA0085_jpg.rf.a908108c86304d068cbfd85dd81cc397.jpg,none,KEEP,No issues found
valid,IMG-20230818-WA0091_jpg.rf.d9d5493668c97f97690cc67ff9fd3fc6.jpg,none,KEEP,No issues found
valid,IMG-20230818-WA0104_jpg.rf.d00d21aa6ada14c8d154dfa9eacc5521.jpg,none,KEEP,No issues found
valid,IMG-20230906-WA0016_jpg.rf.4154dfb68d465a7c25b42bf8899e949e.jpg,none,KEEP,No issues found
valid,IMG-20230906-WA0016_jpg.rf.d4ffc643e8cf9c7ca1889fe33ea0b3e6.jpg,none,KEEP,No issues found
valid,IMG-20230906-WA0054_jpg.rf.12904557b98ba6d50e7462d244377984.jpg,none,KEEP,No issues found
valid,IMG-20230906-WA0067_jpg.rf.3bf350eb0998655943c1028df0a3eed6.jpg,none,KEEP,No issues found
valid,IMG-20230906-WA0067_jpg.rf.6b043aac45a259f5f1fd0a82ba2073a1.jpg,none,KEEP,No issues found
valid,IMG-20230906-WA0067_jpg.rf.6dba3b6c300d512a175cbb05b7491632.jpg,none,KEEP,No issues found
valid,IMG-20230906-WA0086_jpg.rf.a20451955090cf0c478a42b35857b759.jpg,none,KEEP,No issues found
valid,IMG-20230906-WA0086_jpg.rf.ee25dd60cbbd453c920fb27070797715.jpg,none,KEEP,No issues found
valid,IMG-20230906-WA0087_jpg.rf.7262b837e277ff5c74e015c66023ea08.jpg,none,KEEP,No issues found
valid,IMG-20230906-WA0087_jpg.rf.99be3f9d4624eca54a99770185c81f70.jpg,none,KEEP,No issues found
valid,IMG-20230906-WA0087_jpg.rf.a56a2243fbff7e816c107b54f54053f8.jpg,none,KEEP,No issues found
valid,IMG-20230907-WA0019_jpg.rf.1fb69bcc819a5079d707987fce70d0a0.jpg,none,KEEP,No issues found
valid,IMG-20230907-WA0019_jpg.rf.703f3de714c558becd46b4e11b0489ec.jpg,none,KEEP,No issues found
valid,IMG-20230907-WA0028_jpg.rf.0683280cf939270ef7e0056dd842ad0f.jpg,none,KEEP,No issues found
valid,IMG-20230907-WA0028_jpg.rf.39b88531e149c5328b33e8fc5272623d.jpg,none,KEEP,No issues found
valid,IMG-20230907-WA0028_jpg.rf.946612f288d3e97bef923e08206d63b9.jpg,none,KEEP,No issues found
valid,IMG-20230907-WA0045_jpg.rf.48a404f5f38ea62ebf3879f73bd18a3e.jpg,none,KEEP,No issues found
valid,IMG-20230907-WA0045_jpg.rf.acddba05211e8339068eec00b6f65020.jpg,none,KEEP,No issues found
valid,IMG-20230914-WA0026_jpg.rf.7092789cfdce69a1f85f795fc13c30d9.jpg,none,KEEP,No issues found
valid,IMG-20230914-WA0026_jpg.rf.8cba2f36410bea340ae0f611d046515d.jpg,none,KEEP,No issues found
valid,IMG-20230914-WA0048_jpg.rf.01d15232f28d2318e5e33c9459b498f2.jpg,none,KEEP,No issues found
valid,IMG-20230914-WA0051_jpg.rf.92ee3544f540d9d20536c3225f4441e4.jpg,none,KEEP,No issues found
valid,IMG-20230914-WA0063_jpg.rf.9f3498ceedcf34645de4cd3acca28a5c.jpg,none,KEEP,No issues found
valid,IMG-20230914-WA0069_jpg.rf.944a317c9f8426c34aa5f09078d1a373.jpg,none,KEEP,No issues found
valid,IMG-20230914-WA0071_jpg.rf.4d9df6ba6bc941bb6f7cc01ea85a76fe.jpg,none,KEEP,No issues found
valid,IMG-20230914-WA0074_jpg.rf.ae537ff9747384cd9b5a783f830d3140.jpg,none,KEEP,No issues found
valid,IMG-20230914-WA0074_jpg.rf.c846871210b79df4f56cc5ae4cef02a7.jpg,none,KEEP,No issues found
valid,IMG-20230914-WA0088_jpg.rf.e655a0b26db44ce2b40be13469bc8c5d.jpg,none,KEEP,No issues found
valid,IMG-20230915-WA0017-1-_jpg.rf.007057c54d7f6c3cbc4da3e7ccbbed15.jpg,none,KEEP,No issues found
valid,IMG-20230915-WA0027_jpg.rf.09a4515506b84e6834c8b06f66b20f49.jpg,none,KEEP,No issues found
valid,IMG-20230915-WA0040_jpg.rf.26fe8810adcf779f923e16503f440d6d.jpg,none,KEEP,No issues found
valid,IMG-20230920-WA0038_jpg.rf.d01492318016b7f00a5f6f30ff320e2e.jpg,none,KEEP,No issues found
valid,IMG-20230920-WA0052_jpg.rf.bd93d84a6f2eeb6647760198b876ea42.jpg,none,KEEP,No issues found
valid,IMG-20230920-WA0055-1-_jpg.rf.5482211a30f87892bafdf1d95290eaf6.jpg,none,KEEP,No issues found
valid,IMG-20230920-WA0055-1-_jpg.rf.844a3c7701e0a8c174cff455f19861fa.jpg,none,KEEP,No issues found
valid,IMG-20230920-WA0055_jpg.rf.7183621b4aa22653e1c2f8ab864a4465.jpg,none,KEEP,No issues found
valid,IMG-20230920-WA0061_jpg.rf.6848ecf15d065b5d1920f4bcd6dfe692.jpg,none,KEEP,No issues found
valid,IMG-20230920-WA0061_jpg.rf.8cc33b53c1822da70652b33889ebbaa0.jpg,none,KEEP,No issues found
valid,IMG-20230920-WA0061_jpg.rf.f88edf6230e9a613f7c0cfc6dc9694a8.jpg,none,KEEP,No issues found
valid,IMG-20230920-WA0063-1-_jpg.rf.2757b2c4e25c9b8fd9ca5d882ff6b64b.jpg,none,KEEP,No issues found
valid,IMG-20230920-WA0063_jpg.rf.5faf205c75eca19aa9703cad57272904.jpg,none,KEEP,No issues found
valid,IMG-20230920-WA0063_jpg.rf.cca2ed0abf29ec8c256da620055a2371.jpg,none,KEEP,No issues found
valid,IMG-20230920-WA0115_jpg.rf.89ed07e33db610de66ee340cb0c3f055.jpg,none,KEEP,No issues found
valid,IMG-20230920-WA0130_jpg.rf.673635981b84f301a1dba3c9f2f15a60.jpg,none,KEEP,No issues found
valid,IMG-20230920-WA0139_jpg.rf.1f75e255a03491830a256aa9975091e3.jpg,none,KEEP,No issues found
valid,IMG-20230920-WA0139_jpg.rf.241a2f3349a8a4180a74944accfe8c64.jpg,none,KEEP,No issues found
valid,IMG-20230920-WA0143_jpg.rf.bee2f80fddeac678c25dd602a8d71027.jpg,none,KEEP,No issues found
valid,IMG-20230920-WA0156_jpg.rf.e4a86c0795541d47904595e8646e9c14.jpg,none,KEEP,No issues found
valid,IMG-20230920-WA0185_jpg.rf.012e583a55d2a8830b069e0fe7ef138e.jpg,none,KEEP,No issues found
valid,IMG-20230920-WA0185_jpg.rf.4aa3cec8238cb8bc4970b845ec39bc42.jpg,none,KEEP,No issues found
valid,IMG-20230920-WA0185_jpg.rf.b83b410ae5585f028e7582b98ac93492.jpg,none,KEEP,No issues found
valid,IMG-20230921-WA0034_jpg.rf.7e75ed12751812fa5657a4fc871ff651.jpg,none,KEEP,No issues found
valid,IMG-20230924-WA0025_jpg.rf.a6e5baff90bcae97e1a34c14257f9401.jpg,none,KEEP,No issues found
valid,IMG-20230924-WA0032_jpg.rf.2156977cd40b7d6304f7400ac325a3ed.jpg,none,KEEP,No issues found
valid,IMG-20230924-WA0071_jpg.rf.1233ce67b090dbd7a2f95709bba69b71.jpg,none,KEEP,No issues found
valid,IMG-20230924-WA0071_jpg.rf.42d9c9e0ba4b7e5aa3627309f89c4b29.jpg,none,KEEP,No issues found
valid,IMG-20230924-WA0071_jpg.rf.9e72ec1f0f263a45c154fd3c039dd5a0.jpg,none,KEEP,No issues found
valid,IMG-20230924-WA0075_jpg.rf.e6449ad529344451cfeb7e3b8e5fbe9b.jpg,none,KEEP,No issues found
valid,IMG-20230926-WA0005_jpg.rf.612c38369a586ed85237028499626b19.jpg,none,KEEP,No issues found
valid,IMG-20230926-WA0005_jpg.rf.a754b73ac753116bbd6352fc3d8dcb1d.jpg,none,KEEP,No issues found
valid,IMG-20230926-WA0023_jpg.rf.559b5004cfbe8845e89364199051abc1.jpg,none,KEEP,No issues found
valid,IMG-20230926-WA0023_jpg.rf.5bfc6006101551b629289c5af699fe68.jpg,none,KEEP,No issues found
valid,IMG-20230926-WA0023_jpg.rf.b149d3c2c88a342c4c0aeef39746ba00.jpg,none,KEEP,No issues found
valid,IMG-20230927-WA0008_jpg.rf.39587481d7d3b6a74acff135b292153a.jpg,none,KEEP,No issues found
valid,IMG-20230927-WA0017_jpg.rf.5432922d23c7d4acd9773bd00c4c5c38.jpg,none,KEEP,No issues found
valid,IMG-20230927-WA0017_jpg.rf.6ec59c05abc60e9c650f2eea4c49ac3c.jpg,none,KEEP,No issues found
valid,IMG-20230927-WA0051_jpg.rf.2ac79d63ed1392ed460a6588ce19f200.jpg,none,KEEP,No issues found
valid,IMG-20231002-WA0037_jpg.rf.09df0d5e4bc690ffd5ed52290ce9b670.jpg,none,KEEP,No issues found
valid,IMG-20231002-WA0038_jpg.rf.0456d4de3a24824b8a18efb25f833d18.jpg,none,KEEP,No issues found
valid,IMG-20231003-WA0029_jpg.rf.6aab2441fa893848e6f1da57d0860a52.jpg,none,KEEP,No issues found
valid,IMG-20231003-WA0030_jpg.rf.5bed9a6cd963f76ef307c799e81cb031.jpg,none,KEEP,No issues found
valid,IMG-20231003-WA0033_jpg.rf.0aab10674e38a22758d9a495f20773b1.jpg,none,KEEP,No issues found
valid,IMG-20231003-WA0037_jpg.rf.6089070abc2fe5232a1b051ff94c792d.jpg,none,KEEP,No issues found
valid,IMG-20231003-WA0038_jpg.rf.b1a56ac4a990bfe3ebf2e22f2a6a72b2.jpg,none,KEEP,No issues found
valid,IMG-20231003-WA0039_jpg.rf.c81b4c5a96fdc2ab22f511f2922cec8f.jpg,none,KEEP,No issues found
valid,IMG-20231003-WA0040_jpg.rf.a2c49ad5b18705099abdcd9963f97b4d.jpg,none,KEEP,No issues found
valid,IMG-20231003-WA0040_jpg.rf.b678c9a3a3267acc8e0b741e90e2b643.jpg,none,KEEP,No issues found
valid,IMG-20231003-WA0041_jpg.rf.6e325a5430db78bdbf70b92873c5119a.jpg,none,KEEP,No issues found
valid,IMG-20231003-WA0041_jpg.rf.77178385d2d1f6c613a57f2550e6b11e.jpg,none,KEEP,No issues found
valid,IMG-20231003-WA0041_jpg.rf.e3aa119015bc5d75a04ce84ccac22beb.jpg,none,KEEP,No issues found
valid,IMG-20231003-WA0042_jpg.rf.f4b8588c0150f86acad05bdcc9aa06f2.jpg,none,KEEP,No issues found
valid,IMG-20231003-WA0046_jpg.rf.5d4d83f6fd52b998e842428ff6097ecc.jpg,none,KEEP,No issues found
valid,IMG-20231003-WA0050_jpg.rf.29b4a5a29165b5fe07eb02f993f2c75e.jpg,none,KEEP,No issues found
valid,IMG-20231003-WA0050_jpg.rf.851dc5f8f9db50422584e2872039b967.jpg,none,KEEP,No issues found
valid,IMG-20231003-WA0051_jpg.rf.1630ab504d812fc2ce4b3c2bb6444ba3.jpg,none,KEEP,No issues found
valid,IMG-20231003-WA0052_jpg.rf.e2a67a82c0939afae087180cc90154a4.jpg,none,KEEP,No issues found
valid,IMG-20231003-WA0053_jpg.rf.34009eaca44e7fe5926218f87ce501ef.jpg,none,KEEP,No issues found
valid,IMG-20231003-WA0054_jpg.rf.0ed980024a8e640c6f3f430a92f72610.jpg,none,KEEP,No issues found
valid,IMG-20231003-WA0054_jpg.rf.dd7b4d08c027b57a18f03871e45ed404.jpg,none,KEEP,No issues found
valid,IMG-20231003-WA0056_jpg.rf.9ce73123d6568f1583eb15c10cf192cb.jpg,none,KEEP,No issues found
valid,IMG-20231003-WA0057_jpg.rf.6489e4a11d48bc67992c88ca132dff06.jpg,none,KEEP,No issues found
valid,IMG-20231003-WA0057_jpg.rf.a96b6b30536209ebeecbca7bf8764c9c.jpg,none,KEEP,No issues found
valid,IMG-20231003-WA0057_jpg.rf.cd91cd30f550edf0ecce6401d5336ae7.jpg,none,KEEP,No issues found
valid,IMG-20231006-WA0026_jpg.rf.5f04d37176e46279247c4c7c3c48d501.jpg,none,KEEP,No issues found
valid,IMG-20231006-WA0027_jpg.rf.422eb9b1cd2f050d7fbe4a95dad0c814.jpg,none,KEEP,No issues found
valid,IMG-20231006-WA0031_jpg.rf.2040daa180d1e8a044e2572170515fea.jpg,none,KEEP,No issues found
valid,IMG-20231006-WA0032_jpg.rf.4ec928ec0594291eb927dda825899aca.jpg,none,KEEP,No issues found
valid,IMG-20231006-WA0032_jpg.rf.939135941eb0eb5eca2ad0e0d9029c8a.jpg,none,KEEP,No issues found
valid,IMG-20231006-WA0033_jpg.rf.3fdedfc30807f25525bb84e090382aa5.jpg,none,KEEP,No issues found
valid,IMG-20231006-WA0037_jpg.rf.79e62ab9b7945a0230cc035bb94053a7.jpg,none,KEEP,No issues found
valid,IMG-20231006-WA0038_jpg.rf.3591b0359dd706a1771570464a7e1266.jpg,none,KEEP,No issues found
valid,IMG-20231006-WA0040_jpg.rf.c92b2773f82e8a7e3c9f5014148e6109.jpg,none,KEEP,No issues found
valid,IMG-20231006-WA0041_jpg.rf.bced6be36b994e5c7154b649b39effd0.jpg,none,KEEP,No issues found
valid,IMG-20231006-WA0051_jpg.rf.aac600db7bcfe67990c0dfc3e78251d5.jpg,none,KEEP,No issues found
valid,IMG-20231006-WA0052_jpg.rf.82bad5294fa18e1cefd1cdfd7aaa00d8.jpg,none,KEEP,No issues found
valid,IMG-20231006-WA0052_jpg.rf.9ee4ba0da93aaf1d22ae12526122b344.jpg,none,KEEP,No issues found
valid,IMG-20231006-WA0055_jpg.rf.e400bea8ee4ffdfa1ee1e7960033c71e.jpg,none,KEEP,No issues found
valid,IMG-20231006-WA0056_jpg.rf.8840a09976da52a5ebefdce46a5a8a02.jpg,none,KEEP,No issues found
valid,IMG-20231006-WA0058_jpg.rf.b4a8b56d01173fccb2b9b0e30984aa43.jpg,none,KEEP,No issues found
valid,IMG-20231006-WA0058_jpg.rf.f1933c7a77f8dbfdf7f2d6789c38ff77.jpg,none,KEEP,No issues found
valid,IMG-20231006-WA0061_jpg.rf.0d130be1603361d624e43b0cedb35abd.jpg,none,KEEP,No issues found
valid,IMG-20231006-WA0063_jpg.rf.bc1e20609591010e232a8cc4bae61058.jpg,none,KEEP,No issues found
valid,IMG-20231006-WA0071_jpg.rf.c49f1355e6846a130edd062d8b2da1dc.jpg,none,KEEP,No issues found
valid,IMG-20231006-WA0072_jpg.rf.9e81dd05ada60ff4f2aac2e839c42b6e.jpg,none,KEEP,No issues found
valid,IMG-20231006-WA0074_jpg.rf.32933d265fc83bb67add38be0d69891f.jpg,none,KEEP,No issues found
valid,IMG-20231006-WA0075_jpg.rf.692b6510d92f9c16ae1728d909b663c4.jpg,none,KEEP,No issues found
valid,IMG-20231006-WA0076_jpg.rf.2d7fc9c119c01483a8ed6edf057b5825.jpg,none,KEEP,No issues found
valid,IMG-20231006-WA0080_jpg.rf.3973e69ee395e62381639d43f7272f5d.jpg,none,KEEP,No issues found
valid,IMG-20231006-WA0082_jpg.rf.73145b879ff482af86e01c45fa5ae89a.jpg,none,KEEP,No issues found
valid,IMG-20231009-WA0015_jpg.rf.7f1b8237f6e491389996f034d9b9f561.jpg,none,KEEP,No issues found
valid,IMG-20231009-WA0015_jpg.rf.978cd08b2552b62658c515b967cfd7f4.jpg,none,KEEP,No issues found
valid,IMG-20231009-WA0019_jpg.rf.b65b9ea86e231aba537f2abc24e25b06.jpg,none,KEEP,No issues found
valid,IMG-20231009-WA0020_jpg.rf.216733533909f2eecb5c349e3329ed88.jpg,none,KEEP,No issues found
valid,IMG-20231009-WA0040_jpg.rf.913719d1570a6a26ddf6465670f4cfc4.jpg,none,KEEP,No issues found
valid,IMG-20231009-WA0042_jpg.rf.46781a2d691f3364db4af4944e335940.jpg,none,KEEP,No issues found
valid,IMG-20231009-WA0043_jpg.rf.7cdd4b9661917c930b36813d1bfaa2b1.jpg,none,KEEP,No issues found
valid,IMG-20231009-WA0045_jpg.rf.4f7ce6675aceb354242c3c5ea3b95277.jpg,none,KEEP,No issues found
valid,IMG-20231009-WA0046_jpg.rf.c1405b1e0fddfba3892144f2ec606691.jpg,none,KEEP,No issues found
valid,IMG-20231009-WA0049_jpg.rf.51697224865067e6a3bb2ff9c97a678d.jpg,none,KEEP,No issues found
valid,IMG-20231009-WA0049_jpg.rf.55601ec1d564268db0e4bd74c4e31c96.jpg,none,KEEP,No issues found
valid,IMG-20231009-WA0051_jpg.rf.ae40252cedda3972b27be677378b95ed.jpg,none,KEEP,No issues found
valid,IMG-20231009-WA0053_jpg.rf.bbd8fb472f2ed5dc1185a2d04b4faa01.jpg,none,KEEP,No issues found
valid,IMG-20231009-WA0055_jpg.rf.5b1840ded31dc442198be27c99ceead4.jpg,none,KEEP,No issues found
valid,IMG-20231009-WA0062_jpg.rf.33ab617d7d7fb8c3a67d09609e870c97.jpg,none,KEEP,No issues found
valid,IMG-20231009-WA0065_jpg.rf.af4f7cc77ce6f36c7ac4b87f5dfe144b.jpg,none,KEEP,No issues found
valid,IMG-20231009-WA0068_jpg.rf.f22fe78936c4a8ddf3d04b21b4acf09f.jpg,none,KEEP,No issues found
valid,IMG-20231009-WA0074_jpg.rf.32369893b5befffd18fd5b2850255035.jpg,none,KEEP,No issues found
valid,IMG-20231009-WA0076_jpg.rf.041b5dd8f6e46c63c7c44b6b519f30e9.jpg,none,KEEP,No issues found
valid,IMG-20231010-WA0061_jpg.rf.cbf9dcd07ca2d11df4bb196245c74d04.jpg,none,KEEP,No issues found
valid,IMG-20231010-WA0064_jpg.rf.2b70a090015d05a147f00ee4cfb7dda7.jpg,none,KEEP,No issues found
valid,IMG-20231010-WA0073_jpg.rf.2a38d669bc4a6731f7a974a776de1653.jpg,none,KEEP,No issues found
valid,IMG-20231010-WA0076_jpg.rf.f68503d7847f4467686eca02de1ef1a8.jpg,none,KEEP,No issues found
valid,IMG-20231010-WA0077_jpg.rf.2e48cf3c26a50cc3033d88d3acc8be18.jpg,none,KEEP,No issues found
valid,IMG-20231010-WA0078_jpg.rf.1678afac46caa8677b3d51b4b41ec323.jpg,none,KEEP,No issues found
valid,IMG-20231010-WA0079_jpg.rf.7a71734bf58b9c8eff96aa02495c64b2.jpg,none,KEEP,No issues found
valid,IMG-20231010-WA0082_jpg.rf.2022305795075bfe598688321025d7f6.jpg,none,KEEP,No issues found
valid,IMG-20231010-WA0084_jpg.rf.f24577ce413f3d3d9a00d3ce53e7d74d.jpg,none,KEEP,No issues found
valid,IMG-20231012-WA0000_jpg.rf.3094c66b4e12d9bbb4c0b63b5994a91c.jpg,none,KEEP,No issues found
valid,IMG-20231012-WA0002_jpg.rf.53a186dea955ee8b8e310ab908d068a5.jpg,none,KEEP,No issues found
valid,IMG-20231012-WA0002_jpg.rf.c5b74b40bae30e136234fdcd6a748f99.jpg,none,KEEP,No issues found
valid,IMG-20231012-WA0021_jpg.rf.ca5c368c0b6079d17558a7d36659287f.jpg,none,KEEP,No issues found
valid,IMG-20231012-WA0024_jpg.rf.24591f4a31c9b82a801fec95f5c03db2.jpg,none,KEEP,No issues found
valid,IMG-20231012-WA0026_jpg.rf.63cd73b69b03af5deeb195b3e28bf511.jpg,none,KEEP,No issues found
valid,IMG-20231012-WA0027_jpg.rf.5b86f339a71d04fb370bd6735deacb6d.jpg,none,KEEP,No issues found
valid,IMG-20231012-WA0030_jpg.rf.0b599eeb7950797dc29e9fa4ba21b61e.jpg,none,KEEP,No issues found
valid,IMG-20231012-WA0032_jpg.rf.5d623438edfd377874e2b99e005806c7.jpg,none,KEEP,No issues found
valid,IMG-20231012-WA0033_jpg.rf.85d8cc3090614191b248c45b09453d6e.jpg,none,KEEP,No issues found
valid,IMG-20231012-WA0034_jpg.rf.634370e10e96a0cbda84ce9b62527f69.jpg,none,KEEP,No issues found
valid,IMG-20231012-WA0034_jpg.rf.68951ab83348da7a86b19a85bcf22f12.jpg,none,KEEP,No issues found
valid,IMG-20231012-WA0036_jpg.rf.0d539dd019aa8e660213eb0cc7a6c4ec.jpg,none,KEEP,No issues found
valid,IMG-20231012-WA0040_jpg.rf.75957a9a94430b585548a9efcdc6e313.jpg,none,KEEP,No issues found
valid,IMG-20231012-WA0043_jpg.rf.1daaa0d93b90fd75ac1fbd026c20c5d9.jpg,none,KEEP,No issues found
valid,IMG-20231012-WA0043_jpg.rf.e4f4b6c83d733068e0fe2931f7a561c0.jpg,none,KEEP,No issues found
valid,IMG-20231012-WA0071_jpg.rf.8902da89be01abaa57a578be527db24f.jpg,none,KEEP,No issues found
valid,IMG-20231012-WA0072_jpg.rf.11ce41c8df62fd63e049427a3b5765ee.jpg,none,KEEP,No issues found
valid,IMG-20231012-WA0072_jpg.rf.6c91e94f26d0f694d92671c49f62b406.jpg,none,KEEP,No issues found
valid,IMG-20231012-WA0072_jpg.rf.98013bf07f9e4583b5100cacc097078a.jpg,none,KEEP,No issues found
valid,IMG-20231012-WA0084_jpg.rf.425ec5fe531d267c6afe7ca355193b0c.jpg,none,KEEP,No issues found
valid,IMG-20231012-WA0084_jpg.rf.f493b31e0be9e86469dea3ace2fb2179.jpg,none,KEEP,No issues found
valid,IMG-20231014-WA0004_jpg.rf.42fb05fffd138b9ca1a97ad3e9e90726.jpg,none,KEEP,No issues found
valid,IMG-20231014-WA0005_jpg.rf.bf185723bcc3c937908dbc1a5b986c9d.jpg,none,KEEP,No issues found
valid,IMG-20231014-WA0007_jpg.rf.34b2f0325fc52caf265d027491b82548.jpg,none,KEEP,No issues found
valid,IMG-20231014-WA0019_jpg.rf.77b2cc2793b91297cbbe2571d5b0c7e8.jpg,none,KEEP,No issues found
valid,IMG-20231014-WA0020_jpg.rf.ef146ca00afdab9c7fa574b40608b5d0.jpg,none,KEEP,No issues found
valid,IMG-20231014-WA0031_jpg.rf.d6569aa698eda0fc5af2550ed95e3618.jpg,none,KEEP,No issues found
valid,IMG-20231014-WA0032_jpg.rf.3c7ec334f29805015bd2b92e8e1330f9.jpg,none,KEEP,No issues found
valid,IMG-20231014-WA0032_jpg.rf.63d9004fa056c49816db365e08dba778.jpg,none,KEEP,No issues found
valid,IMG-20231014-WA0032_jpg.rf.c5c79c188ba29c9a0e43b0aa8f6711fd.jpg,none,KEEP,No issues found
valid,IMG-20231014-WA0037_jpg.rf.2d14afc9b188d3debd9fb7a9166fb395.jpg,none,KEEP,No issues found
valid,IMG-20231014-WA0037_jpg.rf.4ca2539b55b2086648c7edcc19d1b6d8.jpg,none,KEEP,No issues found
valid,IMG-20231014-WA0038_jpg.rf.c3b9b654ea4c6ecc157e1218c1c5fbe9.jpg,none,KEEP,No issues found
valid,IMG-20231014-WA0039_jpg.rf.68964c81da25691c5cd72b3d9e103e60.jpg,none,KEEP,No issues found
valid,IMG-20231014-WA0042_jpg.rf.5a3f9f9d7429c7f41ac5b3821041b0de.jpg,none,KEEP,No issues found
valid,IMG-20231014-WA0048_jpg.rf.41fa5e91c0c0b404df6dc764f8cb3c6e.jpg,none,KEEP,No issues found
valid,IMG-20231014-WA0050_jpg.rf.a960ef7568d190736e3c202f39bc1aaf.jpg,none,KEEP,No issues found
valid,IMG-20231014-WA0050_jpg.rf.acde447c5524b34b5c7818c98bdb5f2f.jpg,none,KEEP,No issues found
valid,IMG-20231017-WA0004_jpg.rf.50e8d88010d7fc58d9cbaa0ee4aa7f8a.jpg,none,KEEP,No issues found
valid,IMG-20231017-WA0004_jpg.rf.a43e0945ddf44f93ac312391beea95a7.jpg,none,KEEP,No issues found
valid,IMG-20231017-WA0007_jpg.rf.aedeb60a37052adfe2df3fa6f6a475dd.jpg,none,KEEP,No issues found
valid,IMG-20231017-WA0009_jpg.rf.496b2ab6674a636054e2a8e25a067f36.jpg,none,KEEP,No issues found
valid,IMG-20231017-WA0026_jpg.rf.612e4bc343846121daf43f43c0933f63.jpg,none,KEEP,No issues found
valid,IMG-20231017-WA0030_jpg.rf.b3a0d2361935463eba8573ad1d6ebf8f.jpg,none,KEEP,No issues found
valid,IMG-20231017-WA0034_jpg.rf.2832dff459e7e941409a003ce0c34570.jpg,none,KEEP,No issues found
valid,IMG-20231017-WA0034_jpg.rf.45d19921f819804f4a0f1326b38506ee.jpg,none,KEEP,No issues found
valid,IMG-20231017-WA0039_jpg.rf.1fa5aa4746fba4d57536bb282703e8e3.jpg,none,KEEP,No issues found
valid,IMG-20231017-WA0041_jpg.rf.40e24942fa95138bf3c2665cadd61fce.jpg,none,KEEP,No issues found
valid,IMG-20231017-WA0042_jpg.rf.a7b34e50cb1855570d503d4565cf86fb.jpg,none,KEEP,No issues found
valid,IMG-20231017-WA0043_jpg.rf.c506d827252489db9e405dd59fcb7d3e.jpg,none,KEEP,No issues found
valid,IMG-20231017-WA0048_jpg.rf.aa86ec224095d661113d50369320930c.jpg,none,KEEP,No issues found
valid,IMG-20231017-WA0052_jpg.rf.8c5f35f7f7e74ff24be6cd619a41d42e.jpg,none,KEEP,No issues found
valid,IMG-20231017-WA0052_jpg.rf.fbc3e49d8e04ad69313bd45c9b21eae4.jpg,none,KEEP,No issues found
valid,IMG-20231017-WA0053_jpg.rf.98a976975d04779e9d4236c4e5c281bc.jpg,none,KEEP,No issues found
valid,IMG-20231017-WA0054_jpg.rf.d26db4a82b1e57e9b4aca798229f0030.jpg,none,KEEP,No issues found
valid,IMG-20231017-WA0054_jpg.rf.e6553e81675e7fd628479665400fefd8.jpg,none,KEEP,No issues found
valid,IMG-20231017-WA0055_jpg.rf.0dd72b332f934147c10059a8ba1ff398.jpg,none,KEEP,No issues found
valid,IMG-20231017-WA0056_jpg.rf.02c5884c7916747867eb71b01d4fb8b2.jpg,none,KEEP,No issues found
valid,IMG-20231017-WA0057_jpg.rf.01f6ca7483fd428dbc00fe42f7aa99ad.jpg,none,KEEP,No issues found
valid,IMG-20231017-WA0058_jpg.rf.17bf31d023c17928c9f79f390a335e05.jpg,none,KEEP,No issues found
valid,IMG20230906165931_jpg.rf.db3d815c72a0509d2fcbc97e9702304b.jpg,none,KEEP,No issues found
valid,IMG20230906170044_jpg.rf.31dccdbdb3bf3a1c88bde0c52fca0657.jpg,none,KEEP,No issues found
valid,IMG_20230712_101450_jpg.rf.6a74b2e10ad051fde3012ef81f843e5d.jpg,none,KEEP,No issues found
valid,IMG_20230712_101800_jpg.rf.0644408642ce059ff3c3758209456f17.jpg,none,KEEP,No issues found
valid,IMG_20230712_122521_jpg.rf.dfca6f426d71b149876877764b527e5f.jpg,none,KEEP,No issues found
valid,IMG_20230727_113212_jpg.rf.1e990e1d4c85af7c4617a448640d89cb.jpg,none,KEEP,No issues found
valid,IMG_20230727_113212_jpg.rf.f736e42e6509ec1104f47274c401c52c.jpg,none,KEEP,No issues found
valid,IMG_20230727_114152_jpg.rf.77a0aac9117745acf980e99d2c638215.jpg,none,KEEP,No issues found
valid,IMG_20230727_114339_jpg.rf.3e4a1c4c69df95a974999178637d9a4c.jpg,none,KEEP,No issues found
valid,IMG_20230727_142559_jpg.rf.bfba9b49cbd63ef7a91daffa8d870122.jpg,none,KEEP,No issues found
valid,IMG_20230727_143803_jpg.rf.53da503001d0b0413363d26cfa940b6c.jpg,none,KEEP,No issues found
valid,IMG_20230727_143803_jpg.rf.f4d003245ef36ace0bda11da63ced480.jpg,none,KEEP,No issues found
valid,IMG_20230727_150230_jpg.rf.86b3defdb01acdf3eabd8e272f2d80fe.jpg,none,KEEP,No issues found
valid,IMG_20230727_150230_jpg.rf.9ae6ac98c5468ec550db182e285f6c27.jpg,none,KEEP,No issues found
valid,IMG_20230727_151005_jpg.rf.9ba2c57cd148175098526f8a92155b58.jpg,none,KEEP,No issues found
valid,IMG_20230823_105639_jpg.rf.2870f8c130f06e9ab723ce94135a3dce.jpg,none,KEEP,No issues found
valid,IMG_20230823_105649_jpg.rf.2ce0ff85352865a5fe9e7e62c0cfe1c2.jpg,none,KEEP,No issues found
valid,IMG_20230823_105838_jpg.rf.8a43af21b2055d44bf4764cab0851797.jpg,none,KEEP,No issues found
valid,IMG_20230823_105842_jpg.rf.25b08d63b9f8f6fbd7792c13f7234c82.jpg,none,KEEP,No issues found
valid,IMG_20230823_105842_jpg.rf.89d14e4c6ca0263b379e381bde0704f8.jpg,none,KEEP,No issues found
valid,IMG_20230823_105842_jpg.rf.cc62aee7f08c64d93e785df956070086.jpg,none,KEEP,No issues found
valid,IMG_20230823_110526_jpg.rf.efc87f4e5e9244807d37d0840dccb62c.jpg,none,KEEP,No issues found
valid,IMG_20230823_110529_jpg.rf.f47bbaec2be32f3ecc4d19b1edc2ae38.jpg,none,KEEP,No issues found
valid,IMG_20230823_110759_jpg.rf.0394ebd37b2836a23683d28c8a49c7fd.jpg,none,KEEP,No issues found
valid,IMG_20230823_110759_jpg.rf.619c9b753e495e9aa38f6d9612aad568.jpg,none,KEEP,No issues found
valid,IMG_20230823_110759_jpg.rf.8510c9ca784a2473bd06b70fb50a1360.jpg,none,KEEP,No issues found
valid,IMG_20230823_112835_jpg.rf.022a19a5df785edff4a9a6d6f1bb8675.jpg,none,KEEP,No issues found
valid,IMG_20230823_112835_jpg.rf.9e2d1aa40d54aec78579c7b595a71474.jpg,none,KEEP,No issues found
valid,IMG_20230823_112903_jpg.rf.2ac27262235321a676ca600314b18d3e.jpg,none,KEEP,No issues found
valid,IMG_20230823_112903_jpg.rf.9a792afc02202cc71bf795da95b03d5e.jpg,none,KEEP,No issues found
valid,IMG_20230823_112903_jpg.rf.e4c5a29492c0c927f17d03bd31bc154e.jpg,none,KEEP,No issues found
valid,IMG_20230823_123713_jpg.rf.13739379ec65d8c31efac40f1b8d8210.jpg,none,KEEP,No issues found
valid,IMG_20230823_123718_jpg.rf.71cdd2216fdde66ed63078a9bb97947a.jpg,none,KEEP,No issues found
valid,IMG_20230823_123811_jpg.rf.2c93837f6802f4b4a08f4bf98903ad22.jpg,none,KEEP,No issues found
valid,IMG_20230823_123815_jpg.rf.12ad5ba2602fd52ae7d265f4b82c916a.jpg,none,KEEP,No issues found
valid,IMG_20230823_123815_jpg.rf.c7ce50bf69021b75070ffdd39992abb7.jpg,none,KEEP,No issues found
valid,IMG_20230823_123935_jpg.rf.4e237b6f9ea3eb4b311e99f4b68c583f.jpg,none,KEEP,No issues found
valid,IMG_20230823_123940_jpg.rf.11d79c352a9f913655f78f516a308283.jpg,none,KEEP,No issues found
valid,IMG_20230823_123945_jpg.rf.1c55f441aa8a4d57f1d039aacdfa377c.jpg,none,KEEP,No issues found
valid,IMG_20230823_123945_jpg.rf.baa9d95b6a215805872c33e51ff70991.jpg,none,KEEP,No issues found
valid,IMG_20230823_123945_jpg.rf.e49e600a8861f40dc4dd4a4a2099269b.jpg,none,KEEP,No issues found
valid,IMG_20230823_124025_jpg.rf.2e19a7cc4f9d0439fe7b9ab4bb43a024.jpg,none,KEEP,No issues found
valid,IMG_20230823_124025_jpg.rf.80c20cbcd6fbec93860ad6baa674f968.jpg,none,KEEP,No issues found
valid,IMG_20230823_124025_jpg.rf.903d29d1020ade0dce6260eed5dc528e.jpg,none,KEEP,No issues found
valid,IMG_20230823_124025_jpg.rf.bcfbbc2570b5bdf9171bf7fc962f8167.jpg,none,KEEP,No issues found
valid,IMG_20230824_110838_jpg.rf.c2a6d37a5f4fd387dd1fb2c17b385732.jpg,none,KEEP,No issues found
valid,IMG_20230824_110841_jpg.rf.5b5a37981a81d1bd903c10cf750d7975.jpg,none,KEEP,No issues found
valid,IMG_20230824_110848_jpg.rf.20f7543e8fa9c0474245a0e3a6d41ef5.jpg,none,KEEP,No issues found
valid,IMG_20230824_114745_jpg.rf.e974bf863a44f07de42cbbf04afdbbed.jpg,none,KEEP,No issues found
valid,IMG_20230824_114750_jpg.rf.f76621a0cdb8f900028331179f488bcc.jpg,none,KEEP,No issues found
valid,IMG_20230824_114759_jpg.rf.383fa2f6e3a7468f33f1e6e991ed598a.jpg,none,KEEP,No issues found
valid,IMG_20230824_120143_jpg.rf.48d0e4a66ff6dd110f182a6bfbda6be1.jpg,none,KEEP,No issues found
valid,IMG_20230824_120256_jpg.rf.fa872346af3d60e129da83652d298739.jpg,none,KEEP,No issues found
valid,IMG_20230824_122046_jpg.rf.153fbbd49ffbdb8cb19a636544f7e70f.jpg,none,KEEP,No issues found
valid,IMG_20230824_122204_jpg.rf.7b55cfe1860384353123975fdd3a3769.jpg,none,KEEP,No issues found
valid,IMG_20230824_142815_jpg.rf.57d372a69b834d516eac18e84a5c21ab.jpg,none,KEEP,No issues found
valid,IMG_20230824_142823_jpg.rf.1ec60d0b7ce7861ab1b617d07a4d5a8f.jpg,none,KEEP,No issues found
valid,IMG_20230824_143502_jpg.rf.5dadd41db9b5b1076f201d8dbe2c7b1c.jpg,none,KEEP,No issues found
valid,istockphoto-1339909663-1024x1024-transformed_jpeg_jpg.rf.ae910aa50c4aa0219af805be2e16c8a5.jpg,none,KEEP,No issues found
valid,photo_2023-11-19_18-10-56_jpg.rf.a862e94e33b45ca3c321f4bd731001d5.jpg,none,KEEP,No issues found
valid,Snapchat-1013626309_jpg.rf.51b740ee046a321b359f4f7f3e425dfe.jpg,none,KEEP,No issues found
valid,Snapchat-1139889284_jpg.rf.0a26ac221f8c54672e7ae694f6e49901.jpg,none,KEEP,No issues found
valid,Snapchat-1234538557_jpg.rf.1de8889ba011eee4fb2ab9efb1d42fc7.jpg,none,KEEP,No issues found
valid,Snapchat-1307087803_jpg.rf.3be3a79f13a48c14749548b07c1c2187.jpg,none,KEEP,No issues found
valid,Snapchat-1307087803_jpg.rf.44cc8d1d56afc55f3b9f12011d42c050.jpg,none,KEEP,No issues found
valid,Snapchat-1307087803_jpg.rf.b785a7c936f73a59d96f7542690ef90c.jpg,none,KEEP,No issues found
valid,Snapchat-1388480047_jpg.rf.89142a596f2767e725420e0f69b8ffe4.jpg,none,KEEP,No issues found
valid,Snapchat-1388480047_jpg.rf.dba687b2096c80ed80118f4c08bfac0b.jpg,none,KEEP,No issues found
valid,Snapchat-138966709_jpg.rf.33a2fe97f24e9dc338c9b186362bad3f.jpg,none,KEEP,No issues found
valid,Snapchat-1653106364_jpg.rf.b43766fa650280797305be9b3eea9a6a.jpg,none,KEEP,No issues found
valid,Snapchat-1750891373_jpg.rf.da5003806fc0804659ebdd7b7ed4d9a4.jpg,none,KEEP,No issues found
valid,Snapchat-1750891373_jpg.rf.efeff3eb9f82ca3d508426f155c7dbe2.jpg,none,KEEP,No issues found
valid,Snapchat-1816259513_jpg.rf.2daebd4eb9901315f30e0521d2df5d53.jpg,none,KEEP,No issues found
valid,Snapchat-1816259513_jpg.rf.39d7405090647a5bccf0ac190f721e6e.jpg,none,KEEP,No issues found
valid,Snapchat-195836286_jpg.rf.dcf1192293f14535582ee84347d6e09f.jpg,none,KEEP,No issues found
valid,Snapchat-2109070189_jpg.rf.fac43dedc1918de94dba8aac57c3b940.jpg,none,KEEP,No issues found
valid,Snapchat-256807069_jpg.rf.e6edbd2f5c5de596ede86b92cc31e59f.jpg,none,KEEP,No issues found
valid,Snapchat-256807069_jpg.rf.fcd7d0ddb036f34e5adfdf0c91293d08.jpg,none,KEEP,No issues found
valid,Snapchat-336039288_jpg.rf.5e99dd1cbf6eaeb0bc31b490250a88af.jpg,none,KEEP,No issues found
valid,Snapchat-379059695_jpg.rf.666baee52274db7aad6e4b1c56bee910.jpg,none,KEEP,No issues found
valid,Snapchat-540638072_jpg.rf.2e2181c577cfcacb30c7fb3305e4b547.jpg,none,KEEP,No issues found
valid,Snapchat-540638072_jpg.rf.7aaffefd5878a75d8efb4d481e5de067.jpg,none,KEEP,No issues found
valid,Snapchat-713102257_jpg.rf.a32e355685ec4361df8839c31d011fea.jpg,none,KEEP,No issues found
valid,Snapchat-777035721_jpg.rf.468ab2088fa2ddf6f9d003c301df0018.jpg,none,KEEP,No issues found
valid,Snapchat-781899447_jpg.rf.ecd8834b54e4ec1f2ef17d6725cdc097.jpg,none,KEEP,No issues found
valid,Snapchat-824542374_jpg.rf.75c35877cc0500d228d1699158d7f19d.jpg,none,KEEP,No issues found
valid,Snapchat-944358305_jpg.rf.1d88349084ddf51247398816c8cc932b.jpg,none,KEEP,No issues found
valid,Snapchat-944358305_jpg.rf.dc65f12e7b86b8c678cf44e821aaa30d.jpg,none,KEEP,No issues found
valid,topbasi-18-_jpg.rf.79765c583688c237caea3ded694d0ab0.jpg,none,KEEP,No issues found
valid,topbasi-19-_jpg.rf.f7d1f17b1399984df573ed6e718ba099.jpg,none,KEEP,No issues found
valid,topbasi-28-_jpg.rf.8bf4b2b411fb5e760b625ccd12296fce.jpg,none,KEEP,No issues found
valid,topbasi-34-_jpg.rf.dcb956997a42e0b63198b917d0c75bd4.jpg,none,KEEP,No issues found
valid,topbasi-8-_jpg.rf.c3b9c26eb28917c3de88e3281f80bf74.jpg,none,KEEP,No issues found
valid,welspun_15657249776829_png_jpg.rf.1e10c0c886dc9897848667a30bb952cd.jpg,none,KEEP,No issues found
valid,welspun_17563715284691_png_jpg.rf.122bdf44e546355e05faec071644bd3f.jpg,none,KEEP,No issues found
valid,welspun_87995534299993_png_jpg.rf.358c3d85e9550c6bb0aed326f2c206d8.jpg,none,KEEP,No issues found
valid,WhatsApp-Image-2023-09-04-at-9-56-18-AM-2-_jpeg_jpg.rf.536da35f9d11196b44a27ed0cf7208f7.jpg,none,KEEP,No issues found
valid,WhatsApp-Image-2023-09-04-at-9-56-18-AM_jpeg_jpg.rf.2fae86a94d82305c11c5dac217a77929.jpg,none,KEEP,No issues found
valid,WhatsApp-Image-2023-09-04-at-9-56-20-AM-1-_jpeg_jpg.rf.6dafa3e7785b3402afc1110d3013c393.jpg,none,KEEP,No issues found
valid,WhatsApp-Image-2023-09-04-at-9-56-23-AM-1-_jpeg_jpg.rf.8123db9b3612e3cf2e0788bd7ad75cce.jpg,none,KEEP,No issues found
valid,WhatsApp-Image-2023-09-04-at-9-56-25-AM-2-_jpeg_jpg.rf.e6b13029739b069c09df58d63a15c4ff.jpg,none,KEEP,No issues found
valid,WhatsApp-Image-2023-09-04-at-9-56-27-AM-1-_jpeg_jpg.rf.b6d449abb7fbd0d9499c848852525826.jpg,none,KEEP,No issues found
valid,WhatsApp-Image-2023-09-04-at-9-56-27-AM_jpeg_jpg.rf.5faa65ce7bdc7fa5f451c6e02259fd3c.jpg,none,KEEP,No issues found
valid,WhatsApp-Image-2023-09-04-at-9-56-27-AM_jpeg_jpg.rf.8094968a461f7d2e5a6f88048a29bd5f.jpg,none,KEEP,No issues found
valid,WhatsApp-Image-2023-09-04-at-9-56-29-AM-2-_jpeg_jpg.rf.d8e71a77ba80b4ee602380377da99cf1.jpg,none,KEEP,No issues found
valid,WhatsApp-Image-2023-09-04-at-9-56-29-AM_jpeg_jpg.rf.96ab88ddf0d92502d7da37399686be37.jpg,none,KEEP,No issues found
valid,WhatsApp-Image-2023-09-04-at-9-56-30-AM-1-_jpeg_jpg.rf.21e48bfd4dfa970c26f9b328aced552f.jpg,none,KEEP,No issues found
valid,WhatsApp-Image-2023-09-04-at-9-56-30-AM_jpeg_jpg.rf.d28bed30189defc5172915450ffb989a.jpg,none,KEEP,No issues found
valid,WhatsApp-Image-2023-09-04-at-9-56-31-AM-2-_jpeg_jpg.rf.66a43c9636f663c04d3f663efe846a47.jpg,none,KEEP,No issues found
valid,WhatsApp-Image-2023-09-04-at-9-56-33-AM-1-_jpeg_jpg.rf.8b8734c7baa90e33d0a8081b90b6307f.jpg,none,KEEP,No issues found
valid,WhatsApp-Image-2023-09-04-at-9-56-34-AM-1-_jpeg_jpg.rf.bef82418f3dfa668772e34448e15ac8d.jpg,none,KEEP,No issues found
valid,WhatsApp-Image-2023-09-04-at-9-56-35-AM_jpeg_jpg.rf.0cf01e57a1511cf1ce72f23220d6d820.jpg,none,KEEP,No issues found
valid,zzxxxxc-Copy_JPG_jpg.rf.c673360a249ab2bf5e3d044d9933e055.jpg,none,KEEP,No issues found
test,00003932_jpg.rf.cabbaf58e5c34db2ffe2df66ad965f44.jpg,none,KEEP,No issues found
test,00004155_jpg.rf.fda6849061cd87c8b3f2085d28e0fe4c.jpg,none,KEEP,No issues found
test,00004488_jpg.rf.207e06d40a9bf92c322c7e68109ce3b3.jpg,none,KEEP,No issues found
test,00065510_jpg.rf.54b199584b4e152c12acf35aa58d8613.jpg,none,KEEP,No issues found
test,006843_jpg.rf.7d6b35a29774a248e7848185c8764286.jpg,none,KEEP,No issues found
test,006862_jpg.rf.f9a561d26a9cb18b7b7cc7752b8d6e95.jpg,none,KEEP,No issues found
test,006863_jpg.rf.da6ca04263898d97eebdabfe350d41f7.jpg,none,KEEP,No issues found
test,006875_jpg.rf.dfbb3fd8d87667e13647987873fbebfb.jpg,none,KEEP,No issues found
test,20230712_141336_jpeg_jpg.rf.67998702da1d47f1147519b8bbb419a4.jpg,none,KEEP,No issues found
test,20230712_141549_jpeg_jpg.rf.b9bf33d920c5f526c393ddb63313b979.jpg,none,KEEP,No issues found
test,20230712_141549_jpeg_jpg.rf.e464e2bc403025c910241c777ae98a68.jpg,none,KEEP,No issues found
test,20230712_141631_jpeg_jpg.rf.d4800813d4c0e48f0359c5883cd5f102.jpg,none,KEEP,No issues found
test,20230712_141654_jpeg_jpg.rf.1e679d832302449bbcb4ee4e0c0abbc4.jpg,none,KEEP,No issues found
test,20230712_141654_jpeg_jpg.rf.78c691f4703eb9cc53199412729e3d3b.jpg,none,KEEP,No issues found
test,20230712_141654_jpeg_jpg.rf.d0cefd02c7a0ad3cfe9eacdcf0c59644.jpg,none,KEEP,No issues found
test,20230712_141855_jpeg_jpg.rf.1481d8cd36752551bdf87fd5c27e6e01.jpg,none,KEEP,No issues found
test,20230712_141855_jpeg_jpg.rf.1a78de24611d8062a17dc6ddf9fe8235.jpg,none,KEEP,No issues found
test,20230712_142252_jpeg_jpg.rf.e4363d2a99e502aa0f6c32c0e8227079.jpg,none,KEEP,No issues found
test,20230712_142505_jpeg_jpg.rf.6156a5f1f3cf5c731f4af251a7d52685.jpg,none,KEEP,No issues found
test,20230712_150004_jpeg_jpg.rf.8044ce3615efef0ecadc8e92110f1db1.jpg,none,KEEP,No issues found
test,20230712_160016_jpeg_jpg.rf.df38aae0321b44e6c069e4f83a3885ed.jpg,none,KEEP,No issues found
test,20230712_160021_jpeg_jpg.rf.702988720873053b0a893ac739556910.jpg,none,KEEP,No issues found
test,20230712_160746_jpeg_jpg.rf.d66ffca1fb55e7398e54a4a6652fb7c0.jpg,none,KEEP,No issues found
test,20230712_160853_jpeg_jpg.rf.5f293372332d15b48e0e167e2668df3d.jpg,none,KEEP,No issues found
test,20230712_160907_jpeg_jpg.rf.2e4918269560efdb5abdccb1f0f16ded.jpg,none,KEEP,No issues found
test,20230712_160907_jpeg_jpg.rf.7c1f72e902ee96525e3b189123ef9dd9.jpg,none,KEEP,No issues found
test,20230712_163545_jpeg_jpg.rf.b49b62b825b66056d1306b5974bcb292.jpg,none,KEEP,No issues found
test,20230712_163815_jpeg_jpg.rf.110623fddbabbb84024c9d25dfe1bc5f.jpg,none,KEEP,No issues found
test,20230712_163817_jpeg_jpg.rf.b8f98cf03f550cf90e812588c8c522c5.jpg,none,KEEP,No issues found
test,20230718_101432_jpeg_jpg.rf.2526271ca50765a276a0a1dc7af0c1f5.jpg,none,KEEP,No issues found
test,20230718_101432_jpeg_jpg.rf.916f617b0e648632dec0e1cdc46cddda.jpg,none,KEEP,No issues found
test,20230718_101954_jpeg_jpg.rf.d5a99dbde6db8966df28d5fd42bf8739.jpg,none,KEEP,No issues found
test,20230718_114333_jpeg_jpg.rf.5bd65387e49e420b7a0c279569d23301.jpg,none,KEEP,No issues found
test,20230718_115935_jpeg_jpg.rf.29e80d83df87cd6b137ee16c6af61be9.jpg,none,KEEP,No issues found
test,20230719_100220_jpeg_jpg.rf.22f3ea5032d65b69184216c3b5e74976.jpg,none,KEEP,No issues found
test,20230719_100240_jpeg_jpg.rf.b3586d938a88b7b95388dae060be927d.jpg,none,KEEP,No issues found
test,20230719_100704_jpeg_jpg.rf.a290105e2803a803196dcfe738c44838.jpg,none,KEEP,No issues found
test,20230719_101243_jpeg_jpg.rf.a5ba1f24b67f516af66f98c6cdd2c2bf.jpg,none,KEEP,No issues found
test,20230719_101720_jpeg_jpg.rf.48c745ad1703c56167ce4d0f7565528e.jpg,none,KEEP,No issues found
test,20230719_101720_jpeg_jpg.rf.9d257472fa64bf11974ac6da09b21d8e.jpg,none,KEEP,No issues found
test,20230719_104131_jpeg_jpg.rf.39cf830a569418b93d448cb0176afb70.jpg,none,KEEP,No issues found
test,20230719_110621_jpeg_jpg.rf.25f1618971138f34ecbda7029f4a81ed.jpg,none,KEEP,No issues found
test,20230719_111446_jpeg_jpg.rf.aa49bea1df6c18ddaeb69caa226cf80a.jpg,none,KEEP,No issues found
test,20230719_111821_jpeg_jpg.rf.01a5bb88e330d6f1b0013e4900c52111.jpg,none,KEEP,No issues found
test,20230719_121553_jpeg_jpg.rf.d430739558db860cb933d1f4a7cdf4ef.jpg,none,KEEP,No issues found
test,20230719_121610_jpeg_jpg.rf.35631c116a30fbff98071db5bae54bde.jpg,none,KEEP,No issues found
test,20230719_121659_jpeg_jpg.rf.eefaa034947c0eb23a246d7228116f11.jpg,none,KEEP,No issues found
test,20230719_122926_jpeg_jpg.rf.06633950ddf2fde1851f69f5ec06e8eb.jpg,none,KEEP,No issues found
test,20230719_122926_jpeg_jpg.rf.9db1dd13acde04815b9909c3bff4e3d4.jpg,none,KEEP,No issues found
test,20230719_122928_jpeg_jpg.rf.051e97acbfca551165232139deff3429.jpg,none,KEEP,No issues found
test,20230719_150010_jpeg_jpg.rf.7544d726f6fd79ad83eecd3fc8e9af8d.jpg,none,KEEP,No issues found
test,20230719_150010_jpeg_jpg.rf.f7f691b31732eed73542d5db4c55860c.jpg,none,KEEP,No issues found
test,20230719_152654_jpeg_jpg.rf.3668ffab212e68180440127813b462a8.jpg,none,KEEP,No issues found
test,416_jpg.rf.4074110c82800e011b9697764127e7fa.jpg,none,KEEP,No issues found
test,a00090_jpg.rf.e75130038b42dd86f80121f69f47cf78.jpg,none,KEEP,No issues found
test,augmented_00004155_jpg.rf.ada0517f9bc68574c87a5c03decec691.jpg,none,KEEP,No issues found
test,augmented_2021_09_28-22_26_00_562728_jpg.rf.52bfe8472babf336de422efe6142bda6.jpg,none,KEEP,No issues found
test,augmented_hole-clothing-made-wool-concept-defect-marriage-insect-moth-183122008-transformed_jpeg_jpg.rf.5a0baf9f25b1cb888ad1ce94e3088752.jpg,none,KEEP,No issues found
test,augmented_istockphoto-1148927528-612x612_jpg.rf.9df4f02ee40708cd622115327646b352.jpg,none,KEEP,No issues found
test,augmented_stock-photo-hole-in-the-cotton-fabric-of-a-shirt-155903591-transformed_jpeg_jpg.rf.1e749b6e5197aec9d2d42772883b3911.jpg,none,KEEP,No issues found
test,augmented_topbasi-20-_jpg.rf.400d7bb80e764cf6b8ccbb948f8611cc.jpg,none,KEEP,No issues found
test,augmented_topbasi-30-_jpg.rf.06696462b7d0b670c31fa72f03ab8578.jpg,none,KEEP,No issues found
test,augmented_welspun_17563715284691_png_jpg.rf.99714e1bd4458c0571fb072e1b706ca3.jpg,none,KEEP,No issues found
test,augmented_welspun_186421569910593_png_jpg.rf.fad26976ec210ccd8b5087c4b92586b2.jpg,none,KEEP,No issues found
test,augmented_welspun_189413299413589_png_jpg.rf.8ab5d0d2888fa881ebcc4ec220aea07a.jpg,none,KEEP,No issues found
test,augmented_welspun_19044887927930_png_jpg.rf.4dcccee270dce550bc0c774a8c949509.jpg,none,KEEP,No issues found
test,augmented_WhatsApp-Image-2022-11-18-at-1-00-32-AM_jpeg_jpg.rf.d167831d19dfc797f893623880718301.jpg,none,KEEP,No issues found
test,Fab_20230807_114823_jpg.rf.ba6ceb3ecd8ee9e47ab6f945aadb0e67.jpg,none,KEEP,No issues found
test,IMG-20230803-WA0036_jpg.rf.391ac7e4dff3a485ba151574aa6a8c6d.jpg,none,KEEP,No issues found
test,IMG-20230803-WA0041_jpg.rf.8747ae27ee0932d851eca830084d0095.jpg,none,KEEP,No issues found
test,IMG-20230803-WA0042_jpg.rf.2ffd257180c483af878e106451676d27.jpg,none,KEEP,No issues found
test,IMG-20230803-WA0046_jpg.rf.6331679272834d56e39ed47bc29e94fe.jpg,none,KEEP,No issues found
test,IMG-20230803-WA0049_jpg.rf.a610dccf86cc91956e5ba2c6a2406a38.jpg,none,KEEP,No issues found
test,IMG-20230803-WA0060_jpg.rf.308cea11e4c68ffcf17125ba720869d5.jpg,none,KEEP,No issues found
test,IMG-20230803-WA0065_jpg.rf.63c1771f3fb896daec292733037bf4f0.jpg,none,KEEP,No issues found
test,IMG-20230803-WA0065_jpg.rf.b82a713dc90777199381f6738dc9303c.jpg,none,KEEP,No issues found
test,IMG-20230807-WA0028_jpg.rf.7f33ae1bba3a14338ab331c283bdd44b.jpg,none,KEEP,No issues found
test,IMG-20230807-WA0048_jpg.rf.7494e1af4ee242ba532611e669cbac0c.jpg,none,KEEP,No issues found
test,IMG-20230807-WA0049_jpg.rf.407f393a48646cce4847cc632b289d84.jpg,none,KEEP,No issues found
test,IMG-20230808-WA0028_jpg.rf.6b61fa4a120bb4023e8287828b553449.jpg,none,KEEP,No issues found
test,IMG-20230808-WA0041_jpg.rf.abc1ca042eb70b8902241e3ff0eccd66.jpg,none,KEEP,No issues found
test,IMG-20230808-WA0042_jpg.rf.93960006b616d6cc16c39eda330852d7.jpg,none,KEEP,No issues found
test,IMG-20230808-WA0042_jpg.rf.bfc62224f36e411551712635365c4af1.jpg,none,KEEP,No issues found
test,IMG-20230809-WA0064_jpg.rf.456ccefbf23a921c09621711f2b83e3e.jpg,none,KEEP,No issues found
test,IMG-20230809-WA0064_jpg.rf.466c392c0d268b30ca33553c69163375.jpg,none,KEEP,No issues found
test,IMG-20230809-WA0073_jpg.rf.3fd42465f00f19c03f7e73ce1bf2cd5e.jpg,none,KEEP,No issues found
test,IMG-20230809-WA0077_jpg.rf.04211412f8020c90f58800106e522e75.jpg,none,KEEP,No issues found
test,IMG-20230809-WA0085_jpg.rf.3e82d689c3599356a5da6f3b7925d973.jpg,none,KEEP,No issues found
test,IMG-20230809-WA0088_jpg.rf.67a47a355b392a114516da1f80b68bd4.jpg,none,KEEP,No issues found
test,IMG-20230817-WA0057_jpg.rf.ab0ceb61e73a2591e54c5f36f310dfa2.jpg,none,KEEP,No issues found
test,IMG-20230817-WA0060_jpg.rf.b39081cd04cc1a6bf465fb89a5254b2a.jpg,none,KEEP,No issues found
test,IMG-20230817-WA0075_jpg.rf.5e8545ddd068e82aba3e986872f9a2c7.jpg,none,KEEP,No issues found
test,IMG-20230817-WA0077_jpg.rf.631ff65de2d5012c105816e29582bd2c.jpg,none,KEEP,No issues found
test,IMG-20230817-WA0077_jpg.rf.75a969738876cc0844af97e9fcf70ce2.jpg,none,KEEP,No issues found
test,IMG-20230817-WA0082_jpg.rf.c29bc6064d9304dd247aa987dfb5f044.jpg,none,KEEP,No issues found
test,IMG-20230817-WA0086_jpg.rf.e148d13b24a5c2990a8e5b75db187e10.jpg,none,KEEP,No issues found
test,IMG-20230817-WA0088_jpg.rf.f502a614e6f5a61262a6fd626fc13846.jpg,none,KEEP,No issues found
test,IMG-20230817-WA0089_jpg.rf.5c36a19a4ae538dbfe0dcff084fd0311.jpg,none,KEEP,No issues found
test,IMG-20230817-WA0092_jpg.rf.2c254bdbf4a826c008946775147e64d8.jpg,none,KEEP,No issues found
test,IMG-20230818-WA0045_jpg.rf.53d4658de9d789c8dc78981061a6d99b.jpg,none,KEEP,No issues found
test,IMG-20230818-WA0058_jpg.rf.563f00edd01ed1aefbb75c70ec5f19ef.jpg,none,KEEP,No issues found
test,IMG-20230818-WA0064_jpg.rf.6358d715dce7b5ff6a5b3689126257dd.jpg,none,KEEP,No issues found
test,IMG-20230818-WA0064_jpg.rf.958b45830f0857774a89419aef97ac98.jpg,none,KEEP,No issues found
test,IMG-20230818-WA0065_jpg.rf.568657dfa3445691965566887c57c037.jpg,none,KEEP,No issues found
test,IMG-20230818-WA0067_jpg.rf.0c349786ab8c97820c18559968b74754.jpg,none,KEEP,No issues found
test,IMG-20230818-WA0068_jpg.rf.769c470ab682207b5d5f57be794ca3c2.jpg,none,KEEP,No issues found
test,IMG-20230818-WA0068_jpg.rf.bc933c5bcd06fea998a84de8d44f0814.jpg,none,KEEP,No issues found
test,IMG-20230818-WA0073_jpg.rf.a8101503d0872dd85ce57b06dc758de6.jpg,none,KEEP,No issues found
test,IMG-20230818-WA0079_jpg.rf.6fde0383ad7cebcccaed9481c84d99dc.jpg,none,KEEP,No issues found
test,IMG-20230818-WA0085_jpg.rf.61d9325d24bb15b7466fe511c5640202.jpg,none,KEEP,No issues found
test,IMG-20230818-WA0093_jpg.rf.5a2a585f759cca18e170a92721456249.jpg,none,KEEP,No issues found
test,IMG-20230818-WA0094_jpg.rf.2688ebabb3e067ca6d14473461b92fe7.jpg,none,KEEP,No issues found
test,IMG-20230818-WA0102_jpg.rf.ccbec8b7e706fc5f2edce283653685dd.jpg,none,KEEP,No issues found
test,IMG-20230818-WA0103_jpg.rf.19e1f2fc1754a6dc485fcdee2a1bf996.jpg,none,KEEP,No issues found
test,IMG-20230818-WA0105_jpg.rf.adde4693b041b3ceb0a7c2081dbf111c.jpg,none,KEEP,No issues found
test,IMG-20230906-WA0068_jpg.rf.f13fa05f00f4fcc76655cbf38d530c41.jpg,none,KEEP,No issues found
test,IMG-20230906-WA0087_jpg.rf.2424e293b86d6f59c94cd40381e0a165.jpg,none,KEEP,No issues found
test,IMG-20230907-WA0038_jpg.rf.7749da3f175fc2f99d43d70f49c58a16.jpg,none,KEEP,No issues found
test,IMG-20230914-WA0026_jpg.rf.80a5d9777387a39c21afb4767be6df7a.jpg,none,KEEP,No issues found
test,IMG-20230914-WA0051_jpg.rf.1c9e6d4197283be1705b3b2272b93b20.jpg,none,KEEP,No issues found
test,IMG-20230914-WA0067_jpg.rf.3e5ff04eb86fcfbea03790cf6b7913ea.jpg,none,KEEP,No issues found
test,IMG-20230914-WA0071_jpg.rf.cf0eec83fbc942d2dd03274ad7e9b96c.jpg,none,KEEP,No issues found
test,IMG-20230914-WA0074_jpg.rf.16b2c5d63323b44d4076fdd9f6eaaaa6.jpg,none,KEEP,No issues found
test,IMG-20230914-WA0081_jpg.rf.834e9972550930aa910f37d97018331d.jpg,none,KEEP,No issues found
test,IMG-20230914-WA0081_jpg.rf.b20301b34d0b14e3d2726b48129db2d5.jpg,none,KEEP,No issues found
test,IMG-20230915-WA0015_jpg.rf.8f21dace1e7151d8605dde97dcc7a296.jpg,none,KEEP,No issues found
test,IMG-20230915-WA0017_jpg.rf.bcec9fa39f7f5bd636c85e1ae9bbf89c.jpg,none,KEEP,No issues found
test,IMG-20230915-WA0038_jpg.rf.298ab0adbd2ed3318d829a7b325c1bf5.jpg,none,KEEP,No issues found
test,IMG-20230920-WA0052_jpg.rf.3be48d529418a722e1c0f118a414df4f.jpg,none,KEEP,No issues found
test,IMG-20230920-WA0061-1-_jpg.rf.08600ddab684c749fc4ae56bc17bcf61.jpg,none,KEEP,No issues found
test,IMG-20230920-WA0061-1-_jpg.rf.5b3df673ba0b9e6b7beab3875bc61c92.jpg,none,KEEP,No issues found
test,IMG-20230920-WA0061_jpg.rf.c75113f20a822d30ff6482ec26411d4d.jpg,none,KEEP,No issues found
test,IMG-20230920-WA0061_jpg.rf.db18117fd8f0caeec75888770005972b.jpg,none,KEEP,No issues found
test,IMG-20230920-WA0063_jpg.rf.ad44d4b547de1edbc7d62acdecf66b10.jpg,none,KEEP,No issues found
test,IMG-20230920-WA0130-1-_jpg.rf.bcc95db47a4c7e1a979e5f4927e2683f.jpg,none,KEEP,No issues found
test,IMG-20230920-WA0130_jpg.rf.f82a1bdab8d128476160bd26b29de2ff.jpg,none,KEEP,No issues found
test,IMG-20230920-WA0150_jpg.rf.b8f7cbaf9d31b576ca7d3bbbb8b0172c.jpg,none,KEEP,No issues found
test,IMG-20230921-WA0034_jpg.rf.6156ae28a2d98ae6902ea34d35bf448b.jpg,none,KEEP,No issues found
test,IMG-20230921-WA0042_jpg.rf.6b26d8bce7a6dbacdd8deb05ad89362f.jpg,none,KEEP,No issues found
test,IMG-20230924-WA0036_jpg.rf.55c2fb06f3f0553c088a529ab19d73d9.jpg,none,KEEP,No issues found
test,IMG-20230924-WA0066_jpg.rf.35a22e75adae67bb20391f09bf3e3076.jpg,none,KEEP,No issues found
test,IMG-20230927-WA0053_jpg.rf.71ae98c3334ea67df72fecf4468c6682.jpg,none,KEEP,No issues found
test,IMG-20230927-WA0060_jpg.rf.11ea660bdece196598bcf036258795f4.jpg,none,KEEP,No issues found
test,IMG-20231003-WA0007_jpg.rf.0099a2437e3b5694183d79765c353dcf.jpg,none,KEEP,No issues found
test,IMG-20231003-WA0027_jpg.rf.4fff20df813b9642a68ba449ee2b0008.jpg,none,KEEP,No issues found
test,IMG-20231003-WA0039_jpg.rf.aa426b90bd8d40ce4ec54d82b56dcb3b.jpg,none,KEEP,No issues found
test,IMG-20231003-WA0044_jpg.rf.c33c3a86ff7c444826cc46addf3a393b.jpg,none,KEEP,No issues found
test,IMG-20231003-WA0051_jpg.rf.629b1c76fa3d4bc376ff47087ca600b3.jpg,none,KEEP,No issues found
test,IMG-20231003-WA0051_jpg.rf.c02065987b153e5af64b91b010cdfe9e.jpg,none,KEEP,No issues found
test,IMG-20231003-WA0054_jpg.rf.57e13fe9f5c99c86190840694a4b5a70.jpg,none,KEEP,No issues found
test,IMG-20231003-WA0056_jpg.rf.ac47069f4a2b1f4997f8500c96ca5d57.jpg,none,KEEP,No issues found
test,IMG-20231006-WA0048_jpg.rf.c5692b9aed96881ddf30e1fe4061a64b.jpg,none,KEEP,No issues found
test,IMG-20231006-WA0053_jpg.rf.26bc8fa0df52ed655c5e0bb11dddfb4e.jpg,none,KEEP,No issues found
test,IMG-20231006-WA0054_jpg.rf.dd0979f772180fff8a1d0bcb581b9e60.jpg,none,KEEP,No issues found
test,IMG-20231006-WA0060_jpg.rf.56c36c9ef31f59b6318976e553965f5e.jpg,none,KEEP,No issues found
test,IMG-20231006-WA0061_jpg.rf.c9fa91840290d469a4804e487ddc6b1f.jpg,none,KEEP,No issues found
test,IMG-20231006-WA0063_jpg.rf.8b769524fbaa6255c38d0fbfb9b5d5a6.jpg,none,KEEP,No issues found
test,IMG-20231006-WA0066_jpg.rf.e8b447cfb467383d04d30a8cd922fb44.jpg,none,KEEP,No issues found
test,IMG-20231006-WA0070_jpg.rf.e99b860df7eb11572c9b4a3a2036ee95.jpg,none,KEEP,No issues found
test,IMG-20231006-WA0078_jpg.rf.33d5266b06105ad43d2f26cdb33bb744.jpg,none,KEEP,No issues found
test,IMG-20231006-WA0083_jpg.rf.0b3c6c323f4c14a576e89e5da33ec1a8.jpg,none,KEEP,No issues found
test,IMG-20231006-WA0083_jpg.rf.b8eb874300ae73b5cb36b54510b2decf.jpg,none,KEEP,No issues found
test,IMG-20231009-WA0015_jpg.rf.c84ba8638e4a94806e4760bb45ac9b5a.jpg,none,KEEP,No issues found
test,IMG-20231009-WA0018_jpg.rf.9436efd8813c60ca6ba19865e4ad5511.jpg,none,KEEP,No issues found
test,IMG-20231009-WA0019_jpg.rf.cdfc9f4f732446b1dd96ca8d7cbd77ea.jpg,none,KEEP,No issues found
test,IMG-20231009-WA0029_jpg.rf.e2e805ad1f3bab9781d30cd1123fc9e0.jpg,none,KEEP,No issues found
test,IMG-20231009-WA0042_jpg.rf.ad201df1a2ecc6d43deb37186aa9ca4b.jpg,none,KEEP,No issues found
test,IMG-20231009-WA0051_jpg.rf.57d3a30a2b038033292c5afaa20ec7cf.jpg,none,KEEP,No issues found
test,IMG-20231009-WA0054_jpg.rf.2a046342fd2e6a08891fa249508f82ca.jpg,none,KEEP,No issues found
test,IMG-20231009-WA0054_jpg.rf.fdf535c73b2304c12d6c283c4fde61ff.jpg,none,KEEP,No issues found
test,IMG-20231009-WA0055_jpg.rf.5c144d335b8c7ce405c386653565d521.jpg,none,KEEP,No issues found
test,IMG-20231009-WA0072_jpg.rf.7b3b1ecb3f9cd2669fe795a88b86f205.jpg,none,KEEP,No issues found
test,IMG-20231009-WA0073_jpg.rf.13e75c593e83c535efed8a6f038a4a89.jpg,none,KEEP,No issues found
test,IMG-20231009-WA0073_jpg.rf.252ad6ca0704281958d6cc78346ea018.jpg,none,KEEP,No issues found
test,IMG-20231009-WA0073_jpg.rf.7d99629439df89edd2308b5ca428cd93.jpg,none,KEEP,No issues found
test,IMG-20231009-WA0077_jpg.rf.5a5beddb2740a35dfec9608548eb58ca.jpg,none,KEEP,No issues found
test,IMG-20231010-WA0071_jpg.rf.686876e2105430bc579e723d8740a188.jpg,none,KEEP,No issues found
test,IMG-20231010-WA0075_jpg.rf.353ddd0e8c6ace5a2d2d796fdf5d2d85.jpg,none,KEEP,No issues found
test,IMG-20231010-WA0076_jpg.rf.e77a8ee6e19ae99686d216bd51472fc6.jpg,none,KEEP,No issues found
test,IMG-20231010-WA0077_jpg.rf.32099f54e214369fbea20532010c2f77.jpg,none,KEEP,No issues found
test,IMG-20231010-WA0082_jpg.rf.3a1d356e0e1ad18c9efbdae0f90fb990.jpg,none,KEEP,No issues found
test,IMG-20231010-WA0091_jpg.rf.9e6d13a64966477db98fda4071c2e994.jpg,none,KEEP,No issues found
test,IMG-20231012-WA0001_jpg.rf.9b81d6be0effa849793e6fa66a1322d9.jpg,none,KEEP,No issues found
test,IMG-20231012-WA0023_jpg.rf.28dec43517a2cf8c26775471f512544f.jpg,none,KEEP,No issues found
test,IMG-20231012-WA0023_jpg.rf.d4f1a7144b83a366f807fffa761eb4c0.jpg,none,KEEP,No issues found
test,IMG-20231012-WA0028_jpg.rf.2dcb7cdd20645e66e14e5a8be2d34406.jpg,none,KEEP,No issues found
test,IMG-20231012-WA0031_jpg.rf.583adeb1afa14888315e72d2835d4c5b.jpg,none,KEEP,No issues found
test,IMG-20231012-WA0036_jpg.rf.9f74ffef653327af1def7ce9a610d88b.jpg,none,KEEP,No issues found
test,IMG-20231012-WA0038_jpg.rf.f64ad29bc5f1b36e1be48bc1124e0db6.jpg,none,KEEP,No issues found
test,IMG-20231012-WA0046_jpg.rf.91be930bdc8569ee8697d1f1e5199188.jpg,none,KEEP,No issues found
test,IMG-20231012-WA0048_jpg.rf.74e338cf3b6f889668e1526d28d57668.jpg,none,KEEP,No issues found
test,IMG-20231012-WA0066_jpg.rf.ecb2d3c446d5b80e16b1e8194a6c317d.jpg,none,KEEP,No issues found
test,IMG-20231012-WA0075_jpg.rf.cba0748057501e18676417045ff3b0be.jpg,none,KEEP,No issues found
test,IMG-20231012-WA0082_jpg.rf.0ebeba0817221b2c7a4f1c072bd02538.jpg,none,KEEP,No issues found
test,IMG-20231014-WA0007_jpg.rf.f02e03c54fcd6c30aee8984c14ea6c89.jpg,none,KEEP,No issues found
test,IMG-20231014-WA0008_jpg.rf.194bfd8a5aaa2543eac9407262155c9c.jpg,none,KEEP,No issues found
test,IMG-20231014-WA0012_jpg.rf.c036acd7c590f33a1838166e93da94f4.jpg,none,KEEP,No issues found
test,IMG-20231014-WA0014_jpg.rf.b14d29f9c6a36d6caac9db499410f8bc.jpg,none,KEEP,No issues found
test,IMG-20231014-WA0019_jpg.rf.002000244afdf435b93cb7639cb9d80a.jpg,none,KEEP,No issues found
test,IMG-20231014-WA0019_jpg.rf.2f275e2c7d1d5bbb6e5af7f2ee7cd825.jpg,none,KEEP,No issues found
test,IMG-20231014-WA0048_jpg.rf.2ed3ed5faba72697b5d8ea441efc82b1.jpg,none,KEEP,No issues found
test,IMG-20231014-WA0048_jpg.rf.4686647944af358f2fd6b6028ab7c396.jpg,none,KEEP,No issues found
test,IMG-20231017-WA0007_jpg.rf.2e1726e1b9e35c586f1b38fac7d06f8d.jpg,none,KEEP,No issues found
test,IMG-20231017-WA0009_jpg.rf.d2d1f5b98a16bffc994c092855b887a7.jpg,none,KEEP,No issues found
test,IMG-20231017-WA0010_jpg.rf.5dbba6e54a45e3fec3562ff5030224b5.jpg,none,KEEP,No issues found
test,IMG-20231017-WA0026_jpg.rf.21a70449e0f01a284d5483a980727aba.jpg,none,KEEP,No issues found
test,IMG-20231017-WA0033_jpg.rf.14fecab0ad0eaba01811e8af25ad67ab.jpg,none,KEEP,No issues found
test,IMG-20231017-WA0041_jpg.rf.1809fc106acc851cbf3a765413ae341e.jpg,none,KEEP,No issues found
test,IMG-20231017-WA0045_jpg.rf.e634dd98d9f38395a05e0cf7f6109666.jpg,none,KEEP,No issues found
test,IMG-20231017-WA0048_jpg.rf.5d97b932ffdb8f8fead79dba07433ac0.jpg,none,KEEP,No issues found
test,IMG20230906170207_jpg.rf.629ef1ca2287ebdab661da798423a823.jpg,none,KEEP,No issues found
test,IMG_20230712_101448_jpg.rf.bac0cdc35f34079541a1c9fe9041f025.jpg,none,KEEP,No issues found
test,IMG_20230727_113212_jpg.rf.ff928b20d0ffe1f4c2611d185de8f1d0.jpg,none,KEEP,No issues found
test,IMG_20230727_114152_jpg.rf.0da2c0d744788a70bcddbe996c9c34eb.jpg,none,KEEP,No issues found
test,IMG_20230727_115155_jpg.rf.73e5159cd37c867946fc47d4d020872a.jpg,none,KEEP,No issues found
test,IMG_20230727_142559_jpg.rf.ca8f8f9ac556e5b53959ac0e03b294a1.jpg,none,KEEP,No issues found
test,IMG_20230727_150230_jpg.rf.47fa107431918bd989725aab19d8980f.jpg,none,KEEP,No issues found
test,IMG_20230727_151005_jpg.rf.5ef665e882b7610c757d6eb2395f9c42.jpg,none,KEEP,No issues found
test,IMG_20230731_121423_jpg.rf.8d63939b65ca55211b9819ab88a03acb.jpg,none,KEEP,No issues found
test,IMG_20230731_122504_jpg.rf.0eaeb476661572949f27bfeb1401b6a1.jpg,none,KEEP,No issues found
test,IMG_20230823_105639_jpg.rf.03ba242a6866d033b9c4878dfb907b48.jpg,none,KEEP,No issues found
test,IMG_20230823_105649_jpg.rf.13e8e24baa0f002d38b665d1938a4d94.jpg,none,KEEP,No issues found
test,IMG_20230823_111346_jpg.rf.ae3211631df171193712a20daad3e18c.jpg,none,KEEP,No issues found
test,IMG_20230823_123718_jpg.rf.1dfd9c8fdf598daec1d1691946b0491a.jpg,none,KEEP,No issues found
test,IMG_20230823_123718_jpg.rf.948ca7398bd2ef0e390dc36899cccb83.jpg,none,KEEP,No issues found
test,IMG_20230823_123811_jpg.rf.8b209b61b96d20515d07cd0d395a5c2d.jpg,none,KEEP,No issues found
test,IMG_20230823_123815_jpg.rf.c51344021de53a524ab3d8ab8660b322.jpg,none,KEEP,No issues found
test,IMG_20230823_124025_jpg.rf.15b4cf14e87a3546b5c7f168744c1869.jpg,none,KEEP,No issues found
test,IMG_20230823_124028_jpg.rf.1326b07ad266821332ad9f436162a505.jpg,none,KEEP,No issues found
test,IMG_20230823_124028_jpg.rf.53701b934ce54b50d95062eaa35f480c.jpg,none,KEEP,No issues found
test,IMG_20230824_110841_jpg.rf.bfdfd9be2057699d4710de26fe029e7f.jpg,none,KEEP,No issues found
test,IMG_20230824_114745_jpg.rf.5943a007a8829204a82ca6931272ee50.jpg,none,KEEP,No issues found
test,IMG_20230824_115427_jpg.rf.1c226d1867510818665d8fa3b083ad33.jpg,none,KEEP,No issues found
test,IMG_20230824_115427_jpg.rf.9c11101c0338609eef90ae6bf0c9b231.jpg,none,KEEP,No issues found
test,IMG_20230824_115433_jpg.rf.a278fc20f8484df634ec5fc83dc022c7.jpg,none,KEEP,No issues found
test,IMG_20230824_123523_jpg.rf.d3df158040cb0f90188e2f12e1f53798.jpg,none,KEEP,No issues found
test,IMG_20230824_143512_jpg.rf.b64974f08e224f9fb950c7fb69711c24.jpg,none,KEEP,No issues found
test,istockphoto-1148927528-612x612_jpg.rf.b42bfc0a0252ca5358550f56dd0e94e1.jpg,none,KEEP,No issues found
test,photo_2023-11-19_18-10-11_jpg.rf.95bde8d091241308205c3be5e9a9ff10.jpg,none,KEEP,No issues found
test,Snapchat-1013626309_jpg.rf.f733c93408113dc65c3386fbd8451955.jpg,none,KEEP,No issues found
test,Snapchat-1210634692_jpg.rf.014370686bb71a6b36deba0a47f6d0b9.jpg,none,KEEP,No issues found
test,Snapchat-1307087803_jpg.rf.ecf4ffbebd5ccb981c8417d2192dd7ae.jpg,none,KEEP,No issues found
test,Snapchat-1653106364_jpg.rf.96c12f35d2f077b194eb12003e772d3d.jpg,none,KEEP,No issues found
test,Snapchat-1653106364_jpg.rf.97d59b6ab0f0393b2ed13689eb4cbd7c.jpg,none,KEEP,No issues found
test,Snapchat-1693966967_jpg.rf.0b0edca8f482e06caf352b2017199d0e.jpg,none,KEEP,No issues found
test,Snapchat-1816259513_jpg.rf.9fbe2d705f4090a6b78bfde178dfc9a7.jpg,none,KEEP,No issues found
test,Snapchat-336039288_jpg.rf.7f37d4a468f5cb365853fa2eb1f6e0e9.jpg,none,KEEP,No issues found
test,Snapchat-336039288_jpg.rf.90ef8f6f82664edb0ed6c3e29933afe9.jpg,none,KEEP,No issues found
test,Snapchat-379059695_jpg.rf.ccb9d5c40a42043e6792dd91c965fb8f.jpg,none,KEEP,No issues found
test,Snapchat-379059695_jpg.rf.fcb683a028da07727689e2be5756fb69.jpg,none,KEEP,No issues found
test,Snapchat-713102257_jpg.rf.1659320642f1944ba66b059c513a071f.jpg,none,KEEP,No issues found
test,Snapchat-713102257_jpg.rf.c3aa04d6c8d239658f2a03cc51500a80.jpg,none,KEEP,No issues found
test,Snapchat-777035721_jpg.rf.881d1892cb738c07f9c6d8ee2bfaee60.jpg,none,KEEP,No issues found
test,Snapchat-781899447_jpg.rf.8d740647d5ec25061b70d5e85a478ef8.jpg,none,KEEP,No issues found
test,Snapchat-812187706_jpg.rf.a2a5c5936547e84ecdaa3d5c59431bef.jpg,none,KEEP,No issues found
test,Snapchat-824542374_jpg.rf.94e477e550ffb232154ebed49c5d59e7.jpg,none,KEEP,No issues found
test,stock-photo-woman-showing-hole-in-the-clothes-close-up-1788170570-transformed_jpeg_jpg.rf.4d5b05563d8d75f3f7b3159845957a2b.jpg,none,KEEP,No issues found
test,topbasi-31-_jpg.rf.59fd2d8c333c626ab71d5a07114a70ad.jpg,none,KEEP,No issues found
test,topbasi-33-_jpg.rf.4b8c1074220ebb33c37522bbe0b6f515.jpg,none,KEEP,No issues found
test,topbasi-9-_JPG_jpg.rf.dc759e2924267279fbcd491f564c409e.jpg,none,KEEP,No issues found
test,welspun_166742126855702_png_jpg.rf.e1aa9d3480f9f4aedc43de84abe89529.jpg,none,KEEP,No issues found
test,welspun_189413299413589_png_jpg.rf.9e161899b6ae4108fb047ba9f0829d45.jpg,none,KEEP,No issues found
test,welspun_19044887927930_png_jpg.rf.2e969ce139ac7e792b7ed42589371258.jpg,none,KEEP,No issues found
test,welspun_210719101430759_png_jpg.rf.dd94f65dac8e7b9d67122e1d05a53d25.jpg,none,KEEP,No issues found
test,WhatsApp-Image-2022-11-18-at-12-59-59-AM_jpeg_jpg.rf.741d289788045b6244d10fe89146fd3d.jpg,none,KEEP,No issues found
test,WhatsApp-Image-2023-09-04-at-9-56-17-AM_jpeg_jpg.rf.92c35c7ec228d11b7644050912979f44.jpg,none,KEEP,No issues found
test,WhatsApp-Image-2023-09-04-at-9-56-18-AM-1-_jpeg_jpg.rf.1daad59364475f8f648be12eebf3fdaf.jpg,none,KEEP,No issues found
test,WhatsApp-Image-2023-09-04-at-9-56-19-AM_jpeg_jpg.rf.e20783bde13d52b7ce454373d6a43956.jpg,none,KEEP,No issues found
test,WhatsApp-Image-2023-09-04-at-9-56-20-AM-2-_jpeg_jpg.rf.d23f51bfb91f3d5caea42db6236953d6.jpg,none,KEEP,No issues found
test,WhatsApp-Image-2023-09-04-at-9-56-23-AM-2-_jpeg_jpg.rf.8ed901c2fbe6a66898e67b8e666060f0.jpg,none,KEEP,No issues found
test,WhatsApp-Image-2023-09-04-at-9-56-27-AM_jpeg_jpg.rf.78a8243868081973aea61de863174a04.jpg,none,KEEP,No issues found
test,WhatsApp-Image-2023-09-04-at-9-56-29-AM_jpeg_jpg.rf.7e4d92efc1c9174f4d1bc0f4c6e21111.jpg,none,KEEP,No issues found
test,WhatsApp-Image-2023-09-04-at-9-56-30-AM_jpeg_jpg.rf.e5067adcf62ab0227fabd5207d8c3c28.jpg,none,KEEP,No issues found
test,WhatsApp-Image-2023-09-04-at-9-56-31-AM-1-_jpeg_jpg.rf.1f2e93b1edb973cf584dc7c02d08521a.jpg,none,KEEP,No issues found
test,WhatsApp-Image-2023-09-04-at-9-56-31-AM-1-_jpeg_jpg.rf.8a854287f29421e9cad5ca7647b1941c.jpg,none,KEEP,No issues found
test,WhatsApp-Image-2023-09-04-at-9-56-32-AM-1-_jpeg_jpg.rf.742af0efb5c5770c24e52be76f6db8e8.jpg,none,KEEP,No issues found
test,WhatsApp-Image-2023-09-04-at-9-56-33-AM-1-_jpeg_jpg.rf.2e1c8a2048b5c8fa660e52c92fed7fb5.jpg,none,KEEP,No issues found
test,WhatsApp-Image-2023-09-04-at-9-56-33-AM-1-_jpeg_jpg.rf.3e8cb9845a5237988cbd124d95058d6b.jpg,none,KEEP,No issues found
test,WhatsApp-Image-2023-09-04-at-9-56-33-AM_jpeg_jpg.rf.0f4de86306c280a425f4981aff563900.jpg,none,KEEP,No issues found
test,WhatsApp-Image-2023-09-04-at-9-56-33-AM_jpeg_jpg.rf.279d855056cae5cc0c1292f844f6f569.jpg,none,KEEP,No issues found
